ulasan,label
fenomena unik api nyala tanah terus kenal bagai abadi sayang kelola gitu cm dipagerin tulis api abadi kreatif jadi tempt wisata pdhl potensial,negative
wisata unik toilet mushola,positive
maha allah besar allah api nyala rombong pondok lubabul fattah tulungagung jawa timur kunjung des,positive
api abadi padaam saran kesini pas malam bakar jaguung,positive
kuasa tuhan kaya alam nusantara ynag limpah,positive
wisata instragamable lokasi panas cocok belanja,negative
wisata potensial kelola tarik antusias unjung lumayan unjung kota penasaran saksi api abadi,negative
worth it kobar api nyala pinggir pagar lebih,negative
kelola lbh tarik kunjung bersih tingkat,negative
salah wisata andal pamekasan api kunjung padam letak daerak tlanakan orang sebut jeng lokasi pintu masuk gerbang pamekasan belah kiri,positive
nyaman jernih pikir beli khas madura harga jangkau,positive
gas dr dlm tanah elpiji kali iya cmn g bau tajem gas bocor korek in langsung nyala tahu ckckc subhanallah,positive
kunjung siang panas poolll,negative
wisata motor ponaan kondisi lumayan siang api tiket masuk gratis,positive
titik api nyala lindung pagar aneka barang jual bakar jagung,positive
dsini malam rada gerimis suasana pas kdatangan langsung pesan jagung muda langsung bakar api,positive
homestay mampir kesini api kunjung padam pamekasan pulau madura jawa timur,positive
tarik wisata area pahar api muncul tanah lumayan dagang jadi belanja keluarga rumah,negative
karcis kali masuk dalem iya lihat api gak kembang iya gitu karcis parkir parkir lokasi bayar,negative
salah wisata kunjung madura pamekasan daya tarik api nyala malam souvenir jual,positive
fasum toilet bersih sampah plastik sera musholla warung makan warung lokasi wisata tarik perhati wisatan nya bersih nya,negative
wisata bagus unik api ber puluh padam turun hujan skali,positive
salah fenomena alam api kunjung padam masuk bayar kasih tiket orang dewasa anak uang,negative
api kunjung padam nyala hujan ayo tinggal bawa jagung,positive
dar informasi konon api nya api nya padam kalau hujan nyala kalau kasi mantik api korek,positive
mantap sih beneran api kalau gosok tanah nya,positive
jual aksesoris souvenir khas madura jual jagung bakar akses jalan lokasi bagus aspal,positive
libur api kunjung padam,positive
masyaallah api langsung dr tanah,positive
lokasi bingung sedang apa wisata kalau pamekasan gak api kunjung padam,negative
lokasi jalan raya sayang tunjuk arah mobil cepat jadi lokasi singgah wisata madura,negative
pariwisata alam api murni tanah minyak tanah bahan bakar,positive
kalau rencana kunjung berekspektasi tuju ucap subhanallah jual pilih belnja,positive
saran sih lebih baik kalau kunjung malam lokasi mudah akses,positive
hidup sentuh usia kepala asyik kesan salam owner sh grosir supplierhandukcom pusat handuk souvenir unik manfaat,positive
tukang parkir suka paksa banget sampek tengkar sbelum masuk,negative
takjub travelling bar madu madu asli murni alami organik,positive
salah pariwisata desa larang tokol pamekasan madura saksi api abadi beli khas madura,positive
wisata alam api nyembur tanah camat tlanakan pamekasan parkir toelet enak rekreasi keluarga wisata edukasi,positive
parkir mobil g nyaman panas penuh dagang semua sisi kesan api kunjung padam hilang,negative
lumayan wisata murah banget ganks cocok cari madura island,positive
api kunjung padam madura api nyala habis orang perlu hari masak rebus air bakar jagung,positive
tempat bagus sayang oknum preman manfaat wisata tarik karcis masuk wisata x bayar bayar masuk gang parkir mobil lihat api,negative
sayang pas kesana api padam nyala gerimis,negative
sedia kamar mandi toko jual makan,positive
wisata madura wajib kunjung beli khas madura salam masjid miftahul huda bendorejo diri minggu des,positive
samping jalan orang jual jagung jual khas madura,positive
api alam obyek wisata alam pamekasan letak dekat gerbang salam pamekasan,positive
api alam lekang zaman dihimpit maju zaman benderang warga harga sovenir jangkau,positive
subhanallah kuasa tuhan maha esa mana sang api padam hujan menghadang,positive
sayang perintah bijak kelola,negative
wisata bikin kesel harga parkir paksa biaya parkir suka patok tiket nya sopan nada bicara sayang banget pariwisata bagus gin oknum harap perintah pusat ambil alih kelola wisata alam,negative
api alam nyala kunjung padam cari hibur malam cari,positive
unik tarik,positive
api sebar gede satu titik lumayan beli buah tangan,positive
akses lokasi mudah,positive
kesana selasa pakai mobil mini bus masuk gapura jalan utama bayar tiket rp parkir mobil kena harga rp masuk area api kena tiket masuk orang rp jual souvenir makan khas madura sana toilet rp,negative
wisata api abadi salah objek wisata alam lokasi pamekasan madura jawa timur rupiah pasuk area jual jaja aksesoris khas madura,positive
fenomena alam api abadi gas alam bakar bagus kelola jaga bersih nya sisa sampah orang bakar jagung mie,negative
wisata alam pelihara,positive
subhanallah guyur hujan api padam icon kota pamekasan,positive
parkir rp tunggu langsung lokasi penuh pilih makan wisata api abadi asyik malam api,positive
fenomena alam layak abadi matahari deh gelinding ufuk barat parkir bakar langsung korek api bahan bakar gratis tiket masuk pusat nya dr hasil bumi hasil rajin warga,positive
salah wisata kenal pamekasan api kunjung padam kesini th kunjung padam lihat api bakar bakar makan jagung bawa,positive
salah takjub api gas alam gali lubang tanah api langsung bakar jagung sih dimanfaatin warga masak dagang,positive
api titik bnyak jual bereih tempat bnyak jual murah murah,negative
belanja api kunjung padam belanja khas madura tempat,positive
tonton vidionya pajero trip chanell,negative
nya api orang jual khas madura,negative
alami bnget tempat sayang terang akses jalan,negative
nikmat jagung bakar langsung bakar api alami padam,positive
bagus malam hati kalau malam jalan sempit kalau papas parkir restribusi jual jagung bakar jagung hrgnya,negative
fenomena alam milik pamekasan jalan raya barat pamekasan mentari jauh ufuk barat parkir luas toilet bersih toko toko jual sovenir,positive
dapa api nyala dapt manfaat pengunjunh masak bakar jagung warung jual sovenir sayang kelola cara maksimal miris anak oengemis orang dewasa tua,negative
kunjung api kunjung padam nya sore api nya,positive
cocok wisata malam dingin sana jual jagung bakar api kunjung padam,positive
cinderamata khas madura harga mahal,negative
salah wisata alam eksotis pamekasan recommended kunjung malam,positive
kali unjung,positive
api padam orang ziarah madura api kunjung padam,positive
anugrah tuhan nyala api syukur,positive
akses masuk sempit kalah mobil papas parkir luas kelola profesional mushola kamar mandi bersih harga makan standar,negative
salah destinasi wisata unik mana api situ nyala alami terus warga bakar jagung recommended,positive
fenomena aneh wajib mampir kalau kalau pas,positive
kali kesana kuasa allah api padam hujan,positive
api padam waktu kesini hujan api nyala,positive
kes,positive
bersih banding datang moga jaga lbh fasilitas,positive
tangan obyek wisata maksimal,negative
unjung sepi sih bagus wisata,negative
bagus tempat kotor cari sampah susah buang sampah sembarang,negative
kesini berekspektasi sewah bayang,negative
recommended tambah wawas tadabbur alam sila,positive
wisata api alam kenal milik api abadi kabupaten pamekasan madura sekian api alam dunia wisata langka desa larang tokol camat tlanakan kabupaten pamekasan madura jawa timur,positive
malam bulan ramadhan taraweh sepi unjung toko jual cinderamata buka,positive
wisata mahal tiket masuk parkir,negative
parkir lebih baik cari deket langsung cegat jalan pas masuk jalan kaki api padam,positive
langsung jadi alam kagum subhanallah agung cipta allah,positive
tempat enak kalau cuaca dingin duduk pinggir api kunjung padam waaah enak belanja murah murah sesuai isi dompet kuliner buat isi dompet isi perut insyaallah muas yaa,positive
wisata natural banget,positive
sesubageet besama anak istri,positive
dagang lengkap daganganya,negative
lumayan bagus kesan alam orang jual tata rapi nyaman area parkir luas,negative
senang api padam,positive
belanja pinter nawar,negative
bisnis terap buka google maps,positive
siang kesini api gak lihat selfi,negative
tempat asik suka bakar jagung rogoh kocek rupiah,positive
tiket bayar pas masuk sek parkir bayar,negative
pondok penuh barokah pondok nama pulang pergi nurul ijtihad assyyid abbas alawy al maliki al hasany mek,positive
allah maha suangar pokok eh,positive
edukasi anak gas alam,positive
good place wisata unik recommended kamu kunjung,positive
ciamiq destinasi jarang indonesia ayo dulur kesini susul iya saran kalau tkp matahari benam nuansa api nya,positive
indah takjub subhanallah,positive
bukti kuasa allah nyata,positive
api kunjung padam harga jagung rp,positive
awat lingkung,negative
wisata alam kesan tiket gratis bayar parkir bang sampah tambah papan informasi sejarah api abadi,positive
alam area api tk kunjung padam bakar jagung ma family ter kesan iya udeng madura kenang an sya maturnuwun geh,positive
wisata alam api bahan bakar,positive
api kunjung padam wisata sedia kios kios jual sovenir dn pnjual jagung bakar api nyala teraedia parkir bis mobil mushola dn toilet lokasi,positive
recomendet kalau kesini malam,positive
api nan kunjung padam,positive
air terjun langit dusun panti jember jatim,positive
keren kali kesini penasaran sampa langsung pesan jagung muda bakar menabjubkan,positive
kandung makna tunjuk semangat habis,positive
daerah panas bersih harga nya jangkau,negative
renung cipta tuhan maha kuasa toko warung jual minum pakai tips beli jagung bakar pilih jagung manis,positive
akses jalan nya baik,negative
arah tkp teliti parkir gelombang,negative
suasana sore jelang petang lupa kunjung api kunjung padam,positive
fasilitas tingkat wisata tuju wisatawan pamekasan,negative
wisata bagus saji bakar bakar jagung ayam langsung api alami,positive
kental adat tradisional parkir luas sja siang panas faktor cuaca iklim dimadura toko wisata bnyak tawar harga,positive
parkir mobil ribu,negative
kelola bagus tiket masuk murah cmn bayar parkir,positive
kobar api drpd dlm pagar,positive
lokasi wisata wisata api abadi alami muncul perut bumi congkel tanah lokasi musim hujan api nya nyala padam kena air hujan wisata api abadi,positive
ken besok pagi kesini baca ulas unjung gak kepeng masak bayar sampek kali masuk gang parkir orang bayar sigitu doang mahal banget gakak rekomend kalau pribadi,negative
tempat unik bakar awat tata management,negative
bagus ter urus maju,negative
lumayan wisata lokal senang,positive
api kunjung padam sumber api nyala pakai api pekan olah raga nasional sayang tempat awat org jual pelihara dng,negative
perintah tertib pungli masak kmren now watching masuk tarik orang bwa rombong bus orang orang tu gk parkir sdh bayar tertib orang rombong ksana gak risih dg pungli trsbut,negative
bagus nya ramah lingkung,positive
tata kelola obyek wisata kes asal obyek wisata kenal sumber api area kotor wisata dukung,negative
bner nyata,positive
api gak mati masak jagung mateng,positive
kenal besar gusti allah,positive
teman bilang kalau malam biar nyala api benar sih jam malam jalan raya masuk mter jalan gelap kirain sesat pas buka google map benar nunggu motor mobil,positive
beli mangga gede banget buset manis murah diitungnya buah an kalau wisata api sih yaaa api dipagerin trus gapernah mati api gitu doang he,positive
takjub kuasa allah swt,positive
moga wisata lokal global,positive
suka senang kunjung api kunjung padanm keluarga refresing minggu menghikangkan jenuh bawa ikan hasil tembak dermaga branta beli jagung sana,positive
sebenarnga wisata unik sayang duduk unjung lokasi api alam jual sovenir unjung api alam beli,negative
warga ramah sayang bersih duduk bakar jagung masak sedia sarana prasarana benah dekorasi tambah tarik wisatawan domestik internasional,negative
uni wisata api kunjung padam sembur api asal muka tanah perut bumi hebat guyur air api nyala,positive
bagus kalau siang nyala api gak kalau malam bagus,positive
nya nyaman butuh awat gigi silah chat via watsap,positive
unik api nyala tanah madura,positive
malam bagus hangat badan,positive
duduk api padam asal panas bumi jual pisau petis cobek semen tanah lihat api abadi pakai duduk rebus air bakar jagung masak cocok kunjung siang,positive
tawar objek wisata api abadi mana api tetua mati muncul hujan sana bakar jagung cocok,positive
belanja fasilitas hibur wisata kuliner coba tambah main anak anak wisata kuliner tarik,negative
tarik inovasi kembang wisata,negative
wisata alami kunjung wisatawan lokal nasional api abadi nyala padam masyarakat ramah ramah murah senyum sambut wisatawan,positive
kuasa allah api kunjung padam pamekasan,positive
unik api kunjung padam hujan deras nyala picu korek api gali api muncul,positive
wisata lumayan tarik keluarga tambah tahu gas alam capai muka bumi akses jalan utama lokasi sempit papas bus,negative
kesini pas malam api,positive
api,positive
bagus wisata,positive
wisata alam unik langka tarik fasilitas wisata perhati perintah cocok refreshing keluarga bakar jagung barbeque terus,positive
wisata bagus tukang parkir waspada mentang pakai anting pasang wajah galak gak sok sok an karcis pasang wajah sok banget kasi wisata orang nya tukang parkir hati plat madura,positive
wisata maih awat saran mampir kesini orang pamekasan madura api terus keluardari tanah pribadi unik sembarang temu,positive
api alam dagang lokasi wisata api abadi goreng rebus makan pagi sore wisatawan malam nyala api nyata banding siang wisatawan manfaat api bakar jagung,positive
objek wisata api kunjung padam salah objek wisata andal pulau madura lokasi mudah jangkau kendara surabaya bus kendara pribadi masyarakat duduk nya ramah ramah makan harga nya jangkau,positive
wisata api abadi api kunjung padam letak kabupaten pamekasan saran kunjung malam nyala api bagus lupa bawa ikan jagung iya biar bakar stand jual kuliner khas madura area wisata,positive
lumayan penasaran unjung kota,positive
jalan,positive
baik parkir x bus parkir x bayar,negative
wow keren api kunjung padam pamekasan gas alam bumi reta sesar kulit bumi gas alam muka bumi reaksi udara api kunjung padam,positive
api kunjung padam destinasi wisata api terus nyala hangat area bakar jagung jual duduk,positive
wisata api abadi jadi alam sembur gas bumi api si api hidup gas sembur,positive
makan lorjuk petis ikan uenakk,positive
objek wisata pamekasan api abadi tanah,positive
sumber api alam kagum sbg hamba allah,positive
anak jual luas,positive
api kunjung padam ramai orang bakar jagung dn rebus jagung,positive
tempat bagus khas madura,positive
api kunjung padam pamekasan lokasi destinasi wisata kabupaten pamekasan daridulu api padam makan jagung bakar beli jagung mentah masyarakat,positive
api gak padam jadi tinggal congkel tanah pakai kayu api langsung nyala asyik klau malam sini bakar jual jagung kalau bakar ikan bawa,positive
api emang padam hujan buka jam jam malam pasar buka jual pakai khas madura pamekasan,positive
gin gin sih view nya,negative
wisata kelola dg kampung sbg alternatif wiskul nyobain rujak khas madura beli khas madura,positive
lokasi jalan raya pamekasan sumenep letak luar kota pamekasan masuk areal kena retribusi desa ribu parkir biaya rb kondisi nya tata benah unjung nikmat nyaman,negative
potensial kembang tingkat bersih,negative
rumah kakek nenek pamekasan kesini situs tarik jaga bersih nyaman,positive
salah wisata kabupaten pamekasan unik api sembur tanah konon api mati guyur air hujan karcis masuk bilang murah rp bayar parkir sepeda motor mobil,positive
hibur pendudukx ramah tamah kuasa allah api kluar tanah g padam,positive
pintu masuk tutup buka normal alhasil asyik nya bakar jagung bubar satpol pulang pergi,negative
wisata alam wisata nikmat api nyala nyala padam pamekasan wajib mampir iya teman nikmat api alam bakar jagung lho,positive
kisah singkat api kunjung padam api nan kunjung padam dhangka milik latar kisah,positive
keren api padam,positive
wisata api abadi pamekasan bakar jagung,positive
api abadi padam smg jaga bersih fasilitas toilet air nya asin iya segar berwudhu basuh muka iring do a all the best,negative
indah tanah lahir pamekasan cinta,positive
januari dinas pariwisata budaya kepala desa larang tokol membebasakan tiket masuk moga pungut bis masuk,negative
cocok siang tempat panas beli jagung bakar langsung bakar api abadi ga butternya jagung hambar,negative
moga abadi,positive
takjub bau tai kucing,negative
bagus senang unjung nya,positive
bagus kayangan api bojonegoro baik fasilitas wisata unjung melihar api kunjung padam bakar jagung,negative
luarbiasa penomena alam langka tempatny lumawan masyarakatny jual dn ramah,positive
preman uang retribusi ga tanggung tugas parkir aman kendara parkir kumuh awat,negative
area panas api kunjung padam warga manfaat dar masak air masak nasi bakar jagung ramai lokasi wisata kabupaten pamekasan madura,negative
unik masyarakat sana sopan,positive
bagus bagus kalau buat destinasi cantik tarik manfaat orang kelak,positive
kotor sadar buang sampah tempat,negative
bakar jagung,positive
kilometer masuk kota pamekasan unjung api nan kunjung padam api abadi desa larang tokol camat tlanakan kabupaten pamekasan,positive
alhamdulillah jalan mulus parkir mobil tanah luas tempat jual souvenir makan khas lokal,positive
api alam api abadi pamekasan,positive
salah wisata kabupaten pamekasan api abadi muncul tanah bawa jagung rumah kalau repot tinggal beli tempat jual jagung kuliner jual batik barang unik,positive
wisata sejarah daerah pamekasan salah bentuk ajaib api padam musim hujan orang bakar bakar,positive
baca dr netizen rekomended iya fasilitas tiket sesuau,negative
api nyala titik kes awat gas pagar nyala merusakpondasi pagar batas,negative
kunjung jam sore nyala api beli jagung bakar,positive
seru banget kesini sore malam eksotik bakar jagung,positive
bagus indah romantis,positive
lokasi midah jangkau pusat kota pamekasan buka malam sedia pernak pernik hand made asli daerah salah ajaib alam muncul lingkung masyarakat,positive
api padam nyala,positive
pariwisata alam pamekasan api kunjung padam masyarakat ramah harga souvenir lampau mahal coba deh kunjung sesal joss,positive
pasar sih iya wisata worth it harga murah murah g bikin kantong bolong,positive
wisata awat moga depan maksimal tata amin,negative
seru bagus panas,positive
wisata api abadi tarik butuh koordinasi perintah atur dagang kaki cegah pungut liar,positive
bagus nya,positive
tempat kelola dg pas masuk kawasan wisata dimintain karcis dr x dg org beda,negative
neng banget sayang siang kali datang malam,positive
asyik banget api gak mati jam non stop,positive
asik,positive
penmbayaran sampek kali masuk parkir bayar lokasi lebih baik jadi,negative
tempat bagus senang nelihat suasana malam ramai api sangat bangus nikmat jagung bakar,positive
gugur penasaran moga tempat bersih awat,negative
api dr batas tempat jual souvenir toilet mushola,negative
tempat bagus rusak,negative
api abadi bakar jagung ikan,positive
tempat sederhana puas belanja barang khas madura,positive
mantap api ajaib,positive
bakar bakar jagung,positive
tempat nyaman banget orang ramah,positive
wisata andal kabupaten pamekasan pulau madura tanah muncul api sayang kelola profesional tanah milik swasta lila orang jalan milim masyarakat,negative
kumuh kotor warga masak uar api cocok jadi wisata anak uang,negative
api kunjung padam lumayan bagus jalan bagus lobang moga depan bagus,positive
masyarakat ramah,positive
beneran lho api ga padam hujan aneh nyata pengin lihat ajaib alam jenguk pamekasan,positive
alun alun pasuruan kota belah makam mbah hamid orang orang ziaroh makam mbh hamid,positive
bakar jagung api alami,positive
nuansa suasana wisata senang orang jual pasar,negative
bagus alami bagus datang malam,positive
destinasi wisata timbang kunjung pamekasan madura unik ajaib fenomena alam patut jaga lestari,positive
kuwasa ilahi bawa berkah warga,positive
tata rapih view wisata nya parkir lap retribusi masuk beda,negative
bagus bagus lengkap inap mck,negative
lokasi kunjung pamekasan api padam guyur hujan bakar jagung,positive
bagus alami harga jangkau,positive
nyampek malam seru,positive
bagus,positive
toko sedia jenis lukis kaligrafi arab figora,positive
api abadi unik parkir tertib toilet sedia khas madura lengkap,positive
ajar alam ramai jual souvernir makan obyek wisata tonjol,negative
sih unik,positive
lokasi mudah jangkau sedia souvenir khas madura potensi wisata kembang,positive
mnyenangkn jarang tanah mngeluarkn api mncari acesoris khas pamekasan lengkap jual makann bnyak,positive
sya promosi dn penasaran,negative
api nya api api tiket masuk rb,negative
bagus tempat lumayan sepi bakar jagung api nya jagung jual situ parkir lumayan,positive
tempat ramai malam asyik bakar bakar cari souvenir lupa tawar iya,positive
wisata unik perhati perintah daerah pengelolaanny akses jalan fasilitas unjung minim,positive
bagus tingkat,positive
kurang awat,negative
ajaib alam mgk langka kelola lbh profesional biar bersih tarik,positive
kesan karya tuhan,positive
senang,positive
api obor api pon sayang air panas nya sumber henti,negative
akses jalan sdh nyaman kelola tambah taman main selfi,positive
fenomena alam unik good place,positive
wisata madura kunjung,positive
patut lestari awas wajib kelola wisata,positive
kalau in suka belanja dagang keliling kalau obyek utamany dr dulu,positive
bagus bagus tempat nyaman,negative
loket,negative
amazing hujan api nyala,positive
wisata pamekasan nama api kunjung padam api gak padam nyala,positive
tempa myaman blanja harga murah pasar tradisional,positive
parkir nya luas warna api nya bagus kalau malam,positive
wisata ajaib alam patut apresiasi perintah daerah,positive
sanagat bagus,positive
konon cerita api padam hujan,positive
ramai toko toko,positive
ajaib,positive
keren,positive
api gk padam,positive
situ beli pisau clurit madura parang bahan bagus,positive
uni dunia pamekasan lengkap dg aneka dagang souvenir makan khas madura,positive
piknik asik,positive
ramai kunjung api padam bakar jagung nya,positive
wisata kabupaten pamekasan bakar jagung langsung api abadi lubang tahan,positive
lokasi panas kalau siang sptnya lbh asik kunjung malam,positive
allah swt maha kehendahnyaa sprt api kujung padam,positive
bagus subhanallah api padam,positive
tempat bersih lokasi parkir luas belanja souvenir murah murah,positive
kuasa allah api kunjung padam belanja murah suka,positive
salah pilih libur nataru,positive
lokasi nya bersih air toilet asin smg depan tingkat,negative
mantap sih bakar jagung,positive
krg bersih mobil masuk bayar mahal kunjung bersih,negative
wisata alam padam bagus kunjung souvernir khas madura,positive
kalau pgen ksni enak malam kesan api kliatan banget smbil bakar jagung,positive
kesini penasaran sama tempat cuman tempat bersih tahu kalau,negative
api siram air mati kmidian kasih korek api nyala kembal,negative
wisata bagus tata ruang nya,negative
bagus tahu anak,positive
siang gak asik panas kesana lebih baik habis mahrib,positive
mukjizat allah swt tanah mengeluarkaan api dg gores dg benda,positive
kecewa awat dg guide,negative
iya suka layan rest area,positive
langgan wisata keluarga pamekasan bakar jagung api alam,positive
awat lumayan tiket masuk murrrahhh ribuh,negative
letak sumenep madura api abadi,negative
kesini sayang foto hilang lumayan bagus sejarah lokasi madura,positive
akses jalan masuk bagus lokasi sampah sera kes awat,negative
wisata tarik,positive
tertib orang kes paksa anak orang dewasa,negative
kelola kesan kumuh,negative
salah wisata favorit api dr gas alami pulau madura,positive
wisata api kunjung padam desa larang tokol camat tlanakan kabupaten pamekasan madura,positive
api kunjung padam,positive
maju penglolaan,positive
nice view lengkap murah riah,positive
api temu jual jagung langsung bakar sofenir,positive
jadi wisata edukasi alam,positive
hati plat madura pungli kalau gak tahu arah,negative
wisata bagus kelola muas jalan tuk lewat,negative
api alami cocok bakar jagung,positive
wisata api alam alami murah unik lengkap souvenir khas madura,positive
bagus wisata malam ramai,positive
layan order roti hajat,positive
very good ombak fasilitas tarik,positive
api padam,positive
unik walaw hujan angin hidup hidupsendiri,positive
api populer rujak cingur jagung bakar sana mantap,positive
kesan si masak api gk padam padam aneh gitu,positive
wisata alam api padam sumber gas alam,positive
ta ie api kunjung padang piknik kemari sob sik asik deh,positive
inti lihat lingkar tengah api gak padam,positive
lumayan sih dar tahu,positive
sunggu cipta allah tanah api,positive
pokok mantul dech,positive
tingkat fasilitas daya tarik unjung,negative
suasana api kunjung padang pamekasan madura,positive
api gak padam walao kena hujan lebat apa,positive
api abadi dipamekasan madura api pindah bakar pagar batas,negative
tempat kotor tari biaya masuk,negative
panas api diameter m luas,negative
batik batik madura super mantap,positive
bagus wisata alam tarik,positive
bersih awat perhati cenderung abai,negative
masyarakat nya ramah tawar dagang nya,positive
kagum api pon kali ambil api kunjung padam pamekasan,positive
kemas entertainnya panas butuh teduh wisatawan,negative
salah wisata madura,positive
sip kalau mlm ksni,positive
jalan utama cuman baik fasilitas dukung,negative
nya bagus nyaman banyak kuliner,positive
panas tkp jalan wisata rusak kluar tkp rawan celaka,negative
coba kelola profesional tambah pad,negative
wisata legenda ganggu emis anak,negative
rampok sana masuk lokasi bayar parkir bayar masuk wahana bayar,negative
tempat nyaman warga sahabat,positive
bagus tempat murah tiket masuk tempat tata,negative
tempat atur lumayan kotor kurang perhati perintah,negative
sayang perhati perintah,negative
main kesini api kunjung padam,positive
api padam guyur hujan kalau malam indah,positive
masyarakat jemur pakai pagar api abadi,negative
plakat tanda selfi kembang,negative
kagum,positive
alhamdulillah mang tarik api gak padam asyiiikk,positive
rawat tempat toko api lestari,negative
wow tempat ramai kalau libur hawa sngt panas,positive
destinasi wisata unik kunjung pergi pamekasan madura api kunjung padam eksotis,positive
salah bukti fenomena alam senantiasa syukur,positive
tarik jual sepiiii,negative
wisata merapen api alam pamekasan madura belanja suvenir khas pulau madura mator saklangkong,positive
krsini,negative
salah bentuk kuasa allah,positive
wisata api kunjung padam tak padam cinta,positive
unik tarik nikmat indah cipta tuhan,positive
belanja lumayan murah,positive
emis anak hati,negative
tapa allah swt kuasa,positive
alhamdulillah bagus,positive
masuk suruh bayar iur orang,negative
monggo silah jam suramadu,positive
puas,positive
tahu api alami,positive
kelola maksimal tumpang tindih tiket nya,negative
beneran api,positive
legendaris ganggu emis anak,negative
sungguh kuasa allah swt,positive
mantap,positive
mantab jiwa,positive
awat kes pasar tradisional,negative
orang kunjung kesini,positive
lokasi kota pamekasan madura tempat rekreasi kecewa,negative
api abadi,positive
lumayan muas,positive
unik tarik malam,positive
gk kembang gin gin bakar,negative
malam suananya asik makan jagung bakar,positive
apinua kunjung padam ramai jual kotor,positive
lumayan tempat bakar bakar sih enak,positive
tarik bnyak anak,negative
salah pesona ajaib alam jawa timur tepat pulau madura,positive
nikmat cipta allah stw,positive
api nya panas,negative
udara panas fasilitas,negative
jalan lokasi api kunjung padam rusak area api awat,negative
cetak santri beraklak beril akademik,positive
dsana ramai sama jual souvenir,negative
cocok keluarga tata bersih,negative
enak santai bakar bakar teman teman,positive
gas alam tiada henti bumi,positive
bagus antik aneh,positive
kotor ga tarik,negative
indonesia uni api abadi madura,positive
wisata alami tampil kuasa tuhan,positive
untungx gk hujan,positive
fenomena alam,positive
salah destinasi wisata kota gerbang salam pamekasan madura,positive
tata kuat lembaga,negative
objek wisata alam lokasi pamekasan madura jawa timur bayar,positive
asana kelola,negative
senang,positive
ramai malam minggu,negative
bgus lihat ajaib alam trus beli sofener,positive
wisata alam tanah korek korek api,positive
lokasi mudah jangkau parkir luas,positive
api alam gas bumi produksi,positive
istimewa kes rapi,negative
tempat bagus cocok kunjung wisatawan,positive
andai awat bagus,negative
panas cuaca,positive
pariwisata berekspektaso yah,negative
legend banget desa yah enak banget wisata,positive
bagus wisata unik wisata khas pamekasan,positive
hujan api mati,positive
asik bakar jagung,positive
bagus masak apa langsung kompor,positive
wisata aneh nyata api kunjung padam,positive
sarana prasarana baik bagus nyaman,negative
api abadi nya ramai hati barang bawa,negative
bagus malam haru,positive
nonton film nyaman santai,positive
bakar bakar puas,positive
lumayan orang nya banyak narikin karcis,positive
kelola maksimal,negative
bagus banget api nya ngak mati,positive
enak emang bakar bakar,positive
api mati madura,positive
alhamdulillah nyampek istirahat,positive
nyamn santai wisata baka bakar,positive
wc sholat sedia,positive
iya lumayan,positive
wisata murah riah,positive
benar apinx gak padam,positive
krna masuk bayar preman,negative
hangat hangat,positive
bagus malam,positive
takjub cipta allah,positive
unik awat,negative
api alam kunjung silam,positive
penuh rahmat berkah,positive
takjub,positive
recommended kunjung pulau madura,positive
salah besar tuhan bumi pamekasan api kunjung padam,positive
sepi kalau hari bagus,positive
hahaha ksini,positive
asyik ekonimis,positive
bagus ajaib dr allah swt,positive
keren banget api gak padam,positive
api padam,positive
lumayan cmn parkinya mahal,positive
dagang wisata ramah,positive
tata tambah fasilitas dukung,negative
makna ambil nilai sejarah,positive
tempat langka temu tempat,positive
malam keren,positive
awat main,negative
enak bakar jagung,positive
tempat panas gersang siang,negative
tempat awat pesona,negative
hibur,positive
bagus awat,negative
iya lumayan,positive
satu wisata pamrkasan,positive
cocok bakar jagung,positive
tempat nyaman jual souvenir,positive
sih,positive
angkat ekonomi desa,positive
bakar jagung iya gratis he,positive
kuasa allah maha kuasa,positive
api padam tempat nyaman,positive
bagus lanjut kesana iya,positive
awat,negative
bagus,positive
unjung,positive
api ajaib,positive
sopir truk oleng,negative
api nyala moloh yaaaa,positive
bagus ramai unjung,positive
subhanaallah wajib kunjung,positive
salah wujud kuasa alloh,positive
fakta abadi pamekasan madura,positive
tukang parkir nya preman,negative
ajah gak nya,negative
iya tarik,positive
malam nampak api nya,positive
bersantuy,positive
parkir curang ngasi paku,negative
api iya,negative
bagus,positive
gitu,negative
sumber air bersih daerah camat waru,positive
langsung takjub,positive
alhamdulillah tempat bagua,positive
sayang lokasi rapi tata,negative
tempat asri parkir luas,positive
wisata alam enak bakar bakar,positive
wisata api alam fenomena hits madura,positive
bagus kelola,negative
bagus,positive
keren,positive
bagus duduk ramah ramah,positive
wisata jarang temu wilayah,positive
lumayan lahh bagussss,positive
korek api,positive
bagus,positive
dalem iki phonix,positive
bagus cocok libur keluarga,positive
ramai sx oengunjungnya,positive
khas madura trsedia sana,positive
udh langsung josssss,positive
subhanallah,positive
tempat dr ekspektasi,negative
awat tarik,negative
sippp fenomena alam alami,positive
mantap,positive
pamekasan,positive
salah destinasi baik wisata pamekasan,positive
api kunjung padam,positive
jual,positive
wisata bagus,positive
mantap,positive
rest area,negative
obyek rekreasi alami,positive
salah tuju wisata alam pamekasan madura,positive
kenang madura,positive
moga kenal asia tenggara,positive
bakar jagung asyiik,positive
bagus hibur,positive
sepi jual jagung mahal,negative
api panas banget,positive
lumayan bagus,positive
tempat bagus,positive
kota pamekasan keren kunjung,positive
cocok bakar,positive
pantai sejuk indah,positive
alam ku semesta emang nyata,positive
objek wisata alami pamekasan,positive
tempat asyik fun,positive
kuasa allah menabjupkan,positive
gak asyik nya,negative
ziarah rujak e asiiin hehehe,negative
asyik bakar,positive
fenomena alam bagus,positive
enak bakar jagung,positive
asyik klau malam,positive
parkir masuk bus mahal,negative
bukti besar alloh swt,positive
senang,positive
senang,positive
salah tanda besar allah,positive
bagus,positive
ramai,positive
keren habis,positive
bagus,positive
yaaaa suka,positive
besar allah swt,positive
apa alam madura keren,positive
bakar jagung hehehehe,positive
main,positive
bakar jagung,positive
lokasi ajar tahu,positive
bagus,positive
gas alam,positive
ramai,positive
rekreasi plus khas madura,positive
banyak pungut x,negative
wisata patut kunjung,positive
lumayan ngangetin badan,positive
fenomena alam tarik,positive
souvenirnya murah riah,positive
spot foto bagus,negative
jalur gunung api,negative
cocok renung,positive
fenomena alam bagus,positive
nyaman,positive
recomended banget,positive
nya bagus,positive
lumayan lipur lara,positive
tempat rapi,negative
masyarakat ramah,positive
bagus,positive
takjub indah dunia,positive
destinasi wisata api kunjung padam,positive
bagus,positive
ckup,positive
bagus panas,positive
seru,positive
istimewa,negative
jalan sdh asli palsu,positive
lumayan wisata madura,positive
karya maha kuasa,positive
parkir motor mahal,negative
wisata api kunjung padam,positive
padam hujan deras turun,negative
sungguh senang sna,positive
fasilitas kian awat,negative
api kumjum padam,positive
bagus istimewa,positive
kalau madura mampir kesini,positive
tempat monoton,negative
bersih ditingjatkan,negative
tiga kali kesini,positive
bagus,positive
sejarah banget indonesia mah,positive
keren pokok,positive
jam buka,positive
baguss tempat unik,positive
lumayan gampang temu,positive
sayang awat,negative
seru,positive
bagus tarik,positive
alhamdulillah nympek apik abadi,positive
tanda kuasa allah,positive
tarik,positive
ramai unjung,negative
awat,negative
mantap,positive
unik besar tuhan,positive
sip deh,negative
tempat benah,negative
bebas biaya masuk mantap,positive
anak minta,negative
bagus,positive
api padam,positive
bagus refresing,positive
api abadi,positive
mudah cari alamat,positive
mantap api keren,positive
takjub kuasa tuhan,positive
takjub percik api neraka,positive
hibur api alam,positive
api unik eternal flame keren,positive
kelola tip,negative
fasilitas dukung,negative
lumayan panas,positive
nyamn,positive
kenang pulang kampung,positive
unik,positive
alami,positive
tata apik,positive
bentuk besar allah swt,positive
potensi kemas,negative
asik,positive
pamekasan,negative
bantu,positive
bagus,positive
wisata api alam larang tokol kabupaten pamekasan,positive
api,negative
perhati,negative
tarik,positive
mantap,positive
salah ajaib dunia,positive
pungli,negative
api kunjung padam,positive
alhamdulillah aktif,positive
suasana pasar tradisional,negative
tempat,negative
bagus,positive
bagus langka,positive
unik langka,positive
unik bagus,positive
sipp,positive
tarik,positive
tarik,negative
panas seru,positive
banyakn pungli,negative
bagus,positive
tempat bagus,positive
tempat bersih,negative
unik,positive
takjub,positive
awat,negative
bagus,positive
unjung,positive
mantul,positive
api abadi,positive
api alam,positive
refrensi ziarah pulau madura,positive
tempatx kesan,positive
bagus,positive
wisata api alam pamekasan,positive
api abadi,positive
bagus banget,positive
bakar jgung,positive
warga s,positive
kenang,positive
senang,positive
panas,positive
sungguh kagum,positive
api alam,positive
api alam,positive
steril,positive
mana api padam,positive
karunia allah manusia,positive
lumayan,positive
bagus,positive
manjain keluarga,positive
mantab,positive
alam,positive
kotor banget,negative
api abadi jarang jumpa tempat,positive
aneh nyata,positive
besar sang cipta,positive
api alami tanah,positive
api abadi,positive
bagus unik,positive
senang,positive
senang,positive
panas gersang,negative
bagus nyaman,positive
sekolah idam,positive
mantap,positive
ajaib alam pulau madura,positive
volume batas,negative
unik,positive
ramai orang,positive
lumayan,positive
rumah,positive
lumayan,positive
api abadi,positive
unik,positive
api kunjung padam,positive
orangny ramah ramah,positive
keren,positive
seru,positive
wisata unik kabupaten pamekasan madura,positive
mantap,positive
bagus a,positive
takjub,positive
padam,positive
wisata api abadi madura,positive
pesona,positive
tempat takjub,positive
kunjung ajaib indonesia,positive
mantul,positive
mantap,positive
bagus,positive
gaes gk nmoh,negative
api kunjung pandam,positive
mantab,positive
bagus,positive
mengasikkan,positive
api tanah,positive
tempat kotor,negative
alami asli alam,positive
mantap,positive
bersih,positive
bagus,positive
kuasa allah,positive
bagus,positive
siip,positive
mantul,positive
mantap,positive
lumayan,positive
indah,positive
bagus,positive
riah,negative
ramai bagus,positive
sayang kelola profesional,negative
mantap,positive
mantab murah,positive
bagus,positive
semangat,positive
panasssssse polll,negative
unik fantastic,positive
wisata bangkal madura,positive
bgus,positive
sungguh senang,positive
bagus,positive
serru banget,positive
bagus,positive
oke,positive
senang,positive
mantab,positive
hebat,positive
hangat,positive
keren,positive
ramai,negative
bagus,positive
kuasa allah,positive
lumayan,positive
lumayan,positive
hangat,positive
bagus,positive
suka,positive
takjub,positive
lumayan,positive
bagus,positive
bagus,positive
panas,negative
kagum,positive
lumayan,positive
komersial,negative
lalulalang warga,positive
keren,positive
asri,positive
senang,positive
lumayan,positive
api abadi,positive
kotor,negative
pesona,positive
mantap,positive
bagus,positive
woww,positive
sunnatullah,positive
rahasia illahi,positive
pamekasa madura jawa timur,positive
api abadi madura,positive
sip,positive
madura,positive
lumayan,positive
panas banget,negative
sip,positive
sip,positive
wow,positive
muas,positive
sip,positive
takjub,positive
afrikanya pamekasan,negative
wisata bahari,positive
senang,positive
takjub,positive
bakar jagung,positive
subhanallah,positive
wisata pamekasan,positive
kesan,positive
api abadi,positive
kuasa ilahi,positive
subhanallah,positive
kuasa allh,positive
subhanallah,positive
manfaat,positive
ajaib alam,positive
subhanallah,positive
barokallah,positive
lokasi wisata api padam tinggal bakar jagung,positive
api kunjung padam salah destinasi pulau madura letak kota pamekasan pulau madura api tanah masyarakat api padam,positive
madura kenal atraksi wisata salah satu wisata api padam wisata nikmat jagung bakar belanja khas madura sarung tenun petis baju,positive
bagus jajah madura pergi malam,positive
duga senang kunjung api nyala toko toilet mudah akses kota,positive
unjung lokasi dekat kolam gas gelegak,negative
seram keliling anak anak wanita sikeras uang putus pergi cepat harap perintah perhati situasi tarik wisatawan s,negative
kucing liar,negative
asli orang sumber gas alam manfaat duduk daerah sebu,negative
mantap alangkah baik posisi api,positive
milik suvenir nilai unik,positive
cat bagus,negative
pergi malam,positive
unjung hibur,negative
layan haji umrah maksimal,positive
syukur nikmat maha kuasa,positive
panas maximal,negative
bagus istirahat ruang,positive
pos aoah anvs aoa angso ahvs,negative
pergi gelap panggang jagung enak,positive
kerren,positive
allohuakbar hendak alloh api kunjung padam madura,positive
panas,negative
ojeng,negative
api abadi alami,positive
kreatif pamekasan,positive
ziarah makam buju moko,positive
api laki laki gadis,negative
mulus,positive
natural endless flame traditional market,positive
dhengkah dheng padhengah api neraka,negative
nice,positive
dewan subbanul yaum,negative
api bumi brahma,positive
masya allah maha kekuasaann,positive
ramai seru,positive
bagus kunjung malam,positive
baik unjung malam,positive
kuat ilahi allahuakbar,positive
api abadi,positive
pilih baik tenang,positive
sempurna,positive
joss,positive
hojj,negative
sungguh kuasa tuhan,positive
bagus,positive
koleksi liar,positive
karya alam subhanallah,positive
so hot,positive
api abadi,positive
sihir baik,positive
mantaap,positive
api abadi,positive
ajaib,positive
insyaallah,positive
api abadi,positive
api abadi,positive
indah,positive
jik,negative
wow,positive
allahu akbar,positive
seep,positive
cantik bagus,positive
siiip,positive
sip,positive
josss,positive
kagum,positive
kagum,positive
keren,positive
bagus bagus bagus,positive
bagus,positive
bagus,positive
bagus,positive
kola,negative
mantap,positive
bagus,positive
bagus,positive
bagus,positive
bagus,positive
rumah bagus,positive
suka tampatnya bagus,positive
iya tampat,positive
api abadi,positive
bagus,positive
allah,positive
