ulasan_st,label
"['habis', 'bungkus', 'reaksi']",negatif
"['efektif', 'ngelancarin', 'ngurangin', 'nyeri', 'haid', 'ngebersihin', 'sisa', 'haid', 'susul']",positif
"['pengaruh', 'habis', 'minum', 'tetep', 'haid']",negatif
"['udah', 'minum', 'tpi', 'reaksi']",negatif
"['udah', 'habis', 'menstruasi', 'pdhl', 'telat', 'minggu']",negatif
"['khasiat', 'haid', 'lancar']",negatif
"['udah', 'minum', 'x', 'tp', 'blm', 'hasil', 'bagus', 'bintang']",negatif
"['efek', 'jamu', 'ngefek']",negatif
"['jamu', 'efektif', 'banget', 'atas', 'nyeri', 'menstruasi', 'kirim', 'cepat', 'packing', 'rapi', 'mantap', 'banget']",positif
"['mantap', 'banget', 'jamu', 'next', 'time', 'coba', 'mantap', 'pokok']",positif
"['bagus', 'lancar', 'menstruasi']",positif
"['efektif', 'wanita', 'lambat']",positif
"['beli', 'pack', 'alhamdulillah', 'habis', 'pack', 'mens']",positif
"['minum', 'minggu', 'gada', 'hasil', 'gacocok']",negatif
"['habis', 'bungkus', 'reaksi']",negatif
"['habis', 'pack', 'ngga', 'hasil', 'skali', 'ngga', 'tanda']",negatif
"['efek', 'habis', 'minum', 'haid']",negatif
"['lancar', 'haid', 'bagus', 'banget', 'jamu']",positif
"['langgananampuh', 'telat', 'karna', 'gk', 'atur', 'respon', 'lancar', 'pengiramcepet', 'banget']",positif
"['alhamdulillah', 'minum', 'bungkus', 'nifas', 'makan', 'nanas', 'teh', 'jahe', 'haid', 'lambat', 'terimakasih', 'seller']",positif
"['haid', 'sakit', 'pdhl', 'sblm', 'lahir', 'udah', 'sakit', 'efek', 'muncul', 'jerawat', 'sblm', 'mens']",negatif
"['lancar', 'haid', 'gk', 'atur']",positif
"['jamu', 'wangi', 'bener', 'jamu']",positif
"['ngga', 'ngefek']",negatif
"['enak', 'minum', 'jamu', 'enak']",negatif
"['manjur', 'jamu', 'ngefek']",negatif
"['sengaja', 'kasih', 'nilai', 'obat', 'jamu', 'bener', 'manjur', 'ngebantu', 'udah', 'telat', 'mens', 'hari']",positif
['lancar'],positif
"['ampuh', 'telat', 'haid', 'minum', 'hari', 'kapsul']",positif
"['haid', 'lancar', 'flek', 'x', 'minum', 'lgsg', 'lancar', 'bgt', 'bgs', 'dtg', 'bulan', 'ngga', 'traturkluar', 'flek', 'jamu', 'bener', 'mantap']",positif
"['jamu', 'manjur', 'simple', 'wkwk']",positif
"['telat', 'minggu', 'khasiat']",negatif
"['produk', 'bagus', 'lancar', 'haidsangat', 'bantu', 'haid', 'lancar']",positif
"['alhamdulillah', 'telat', 'haid', 'langsung', 'minum', 'box', 'langsung', 'haid']",positif
"['jamu', 'efek', 'kecewa']",negatif
"['manjur', 'jamu', 'khasiat', 'banget', 'deh']",positif
"['minum', 'habis', 'bungkus', 'langsung', 'haid', 'bener', 'manfaat', 'banget', 'jamu']",negatif
"['nyoba', 'langsung', 'manjur', 'banget', 'jamu', 'oke', 'banget']",positif
"['bantu', 'lancar', 'haid']",positif
"['langgan', 'jamu', 'jamu', 'bagus', 'pelancar', 'haid']",positif
"['abis', 'kotak', 'tpi', 'ko', 'blm', 'hasil']",negatif
"['rabu', 'sampek', 'blm', 'mempan', 'jg']",negatif
"['sengaja', 'nilai', 'nyoba', 'rutin', 'minum', 'kali', 'hari', 'udah', 'mens', 'ajaib', 'bangetttt']",positif
"['khasiat', 'allhamdulillah', 'telat', 'minum', 'langsung', 'dapet']",positif
"['udh', 'minum', 'efek']",negatif
"['haid', 'pas', 'minum', 'tiga', 'kalinyatapi', 'gitu', 'darah', 'minum', 'obatnyakalau', 'ndak', 'minum', 'ndak', 'darah']",positif
"['telat', 'minum', 'langsung', 'haid', 'kasih', 'bonus', 'bedak', 'dingin']",positif
"['minum', 'kapsul', 'udh', 'lumayan', 'prubhan', 'udh', 'tanda', 'perut', 'nyeri', 'kayak', 'datng']",positif
"['cocok', 'haid', 'gaa', 'atur']",positif
"['cocok', 'cepet', 'mens', 'oh', 'makasih', 'admin', 'kasih', 'bonus', 'masker', 'bedak', 'dingin']",positif
"['alhamdulillah', 'pake', 'pelancar', 'haid', 'cocok']",positif
"['thankss', 'alhamdulillah', 'ngebantu', 'banget', 'kemaren', 'haid', 'nyisa', 'x', 'minum', 'in', 'case', 'haid', 'lancar', 'hihi']",positif
"['alhamdulillah', 'jamu', 'cocok', 'habis', 'bungkus', 'haid', 'ku', 'langsung', 'dateng', 'telat']",positif
"['pake', 'lancar', 'selancar', 'period', 'bener', 'bener', 'oke']",positif
"['reaksi', 'apa', 'ampuh', 'minum', 'efek']",negatif
"['udah', 'habis', 'kotak', 'ngk', 'reaksi']",negatif
"['gada', 'ubah', 'tetep', 'efek', 'apa']",negatif
"['hasiat', 'pil', 'udah', 'habisblm', 'haid', 'jg']",negatif
"['habis', 'haid', 'lancar', 'bab']",negatif
"['ngefek', 'nii', 'udh', 'abis', 'kotak']",negatif
"['habis', 'reaksi', 'apa']",negatif
"['nyoba', 'kali', 'emang', 'bener', 'langsung', 'manjur']",positif
"['haid', 'minum']",negatif
"['udh', 'blum', 'hasil']",negatif
"['produk', 'habis', 'haid', 'haid']",negatif
"['minum', 'bom', 'efek']",negatif
"['cocok', 'telat']",positif
"['serius', 'jamu', 'rekomended', 'banget', 'cocok', 'telat']",positif
"['gk', 'reaksi']",negatif
"['alhamdulillah', 'udh', 'haid', 'skrg', 'haid', 'lancar']",positif
"['packingnya', 'rapi', 'aman', 'kirim', 'cepet', 'banget', 'manjur', 'banget', 'udah', 'kali', 'beli', 'minum', 'besok', 'langsung', 'haid', 'thank', 'you', 'seller']",positif
"['kirim', 'cepat', 'alhamdulillah', 'banget', 'pagi', 'paket', 'dateng', 'malemnya', 'langsung', 'minum', 'jeda', 'jam', 'langsung', 'dateng']",positif
"['maaf', 'kasih', 'nilai', 'pingin', 'hasilny', 'dl', 'alhamdulillah', 'minum', 'jamu', 'hasilny', 'langsung', 'terimakasih']",positif
"['alhamdulillahobatnya', 'recommended', 'banget', 'minum', 'x', 'udah', 'dapet', 'haid', 'bln', 'blm', 'dapet']",positif
"['udah', 'merek', 'pelancar', 'haid', 'ngefek']",negatif
"['kualitas', 'produk', 'produk', 'original', 'harga', 'produk']",positif
"['minum', 'menstruasi', 'lancar', 'kirim', 'cepat']",positif
"['minum', 'langsung', 'efek']",positif
"['tokcer', 'abis', 'minum', 'x', 'haid', 'langsung', 'lancar']",positif
"['mantapbrngnya', 'real', 'ampuh', 'banget', 'minum', 'langsung', 'reaksimksh']",positif
"['mesan', 'x', 'kemaren', 'ud', 'habis', 'pack', 'blm', 'khasiat']",negatif
"['mantap', 'dach', 'alhamdulillah', 'minum', 'kotak', 'udah', 'tokcer', 'niehehehehe']",positif
"['telat', 'minggu', 'an', 'coba', 'minum', 'langsung', 'haiddibarengi', 'makan', 'nanans', 'lngsung', 'haid', 'deras', 'bangetttt']",positif
"['minum', 'jamu', 'haid', 'lancar', 'makasih']",positif
"['khasiat', 'bener', 'ampuh', 'ngontrol', 'hormon', 'haid']",positif
"['lancar', 'banget', 'haid', 'minum', 'jamu', 'mantap']",positif
"['ampuh', 'banget', 'konsumsi', 'langsung', 'darah']",positif
"['khasiat', 'bener', 'oke', 'ragu', 'jamu']",positif
"['habis', 'kotak', 'blm', 'ubah', 'cocok']",negatif
"['udah', 'kapsul', 'minum', 'bom', 'haid', 'minum', 'badan', 'tibatiba', 'lemes', 'bgt', 'dipaksain', 'sampe', 'kapsul', 'badan', 'ku', 'lemes', 'huhu', 'sisa', 'kapsul', 'gaberani', 'minum', 'bom', 'haid']",negatif
"['manjur', 'jamu', 'habis', 'kapsul', 'bom', 'haid', 'haid', 'atur', 'telat', 'haid', 'minggu', 'bom', 'haid']",negatif
"['maaf', 'bintang', 'minum', 'kunjung', 'haidfotonya', 'kayak', 'pesan']",negatif
"['abis', 'bungkus', 'haid', 'barang', 'cepet', 'sampe', 'san', 'sesuai']",negatif
"['maaf', 'nggak', 'ngefek']",negatif
"['efek', 'apa', 'minum', 'atur', 'haid']",negatif
"['maju', 'pdhl', 'udh', 'habis', 'kotak']",negatif
"['langgan', 'beli', 'ngatasin', 'haid', 'telat', 'minum', 'tanggal', 'haid', 'dtg', 'beneran', 'bkn', 'haid', 'cpt']",positif
"['jamu', 'manjur', 'reaksi']",negatif
"['minum', 'blm', 'ngefek']",negatif
"['udah', 'minum', 'rasa', 'apaapa']",negatif
"['kasiatnya', 'minum', 'bungkus']",positif
"['manjur', 'banget', 'jamunyadapat', 'gratis', 'bedak', 'bengkoang']",positif
"['sengaja', 'kasih', 'ulas', 'lambat', 'minum', 'kali', 'sesuai', 'anjur', 'pakai', 'alhamdulilah', 'nama', 'tamu', 'langsung']",positif
"['kali', 'manjur', 'banget', 'suka', 'jamu']",positif
"['sengaja', 'kasi', 'nilai', 'nunggu', 'efek', 'alhamdulillah', 'efek', 'manjur', 'minum', 'bungkus']",positif
"['jamu', 'mempan', 'ngefek']",negatif
"['khasiat', 'manjur']",negatif
"['pake', 'haid', 'bsa', 'lancar', 'darah', 'haid']",positif
"['dada', 'sesak']",negatif
"['coba', 'jamu', 'kali', 'bener', 'manjur', 'banget', 'jamu']",positif
['efect'],negatif
"['nemu', 'jamu', 'coba', 'ngefek', 'banget', 'telat', 'manjur']",positif
"['udah', 'minum', 'x', 'blm', 'tanda', 'haid']",negatif
"['kirim', 'cepat', 'respon', 'jual', 'cepat', 'produk', 'kualitas', 'minum', 'reaksi', 'order', 'bonus', 'produk', 'terimakasih']",positif
"['x', 'minum', 'langsung', 'cek', 'komposisi', 'aman', 'karna', 'asal', 'bahan', 'herbal', 'worth', 'to', 'buy']",positif
"['makasih', 'manjur', 'jamu', 'haid']",positif
"['manjur', 'bgt', 'bln', 'haid', 'lancar', 'dikit', 'cm', 'hr', 'minum', 'lgsung', 'lancar']",positif
"['jamu', 'manjur', 'lancar', 'banget', 'haid']",positif
"['atas', 'nyeri', 'haid', 'siklus', 'haid', 'atur']",positif
"['minum', 'kali', 'langsung', 'haid', 'alhamdulilah']",positif
"['udh', 'kali', 'beli', 'toko', 'bener', 'cepet', 'bgt', 'khasiat']",positif
"['produk', 'cocok', 'x', 'pagi', 'x', 'malem', 'langsung', 'kirim', 'cepet']",positif
"['sorry', 'bru', 'ksh', 'nilai', 'smpat', 'jamu', 'bagus', 'tq']",positif
"['minum', 'langsung', 'badan', 'udh', 'sakit', 'karna', 'haid', 'atur', 'skrg', 'enakeunn', 'mudah', 'tratur']",positif
"['coba', 'langsung', 'lancar', 'haid', 'ksh', 'gratis', 'produk', 'jg', 'terimakasih']",positif
"['manfaat', 'obat', 'bungkus', 'minum', 'atur', 'alhamdulillah', 'mens', 'terima', 'kasih']",positif
"['minum', 'ubah']",negatif
"['obat', 'ampuh', 'manjur', 'minum', 'besok', 'langsung', 'menstruasi']",positif
"['alhm', 'dllh', 'ccok', 'aq', 'prnah', 'tellat', 'bln', 'minggu', 'minum', 'obat', 'lngsung', 'haid', 'bnxak', 'gumpal', 'darah', 'kluarr', 'nyeri', 'kurang', 'blnaq', 'punx', 'sakit', 'kista', 'ovarium', 'haid', 'ku', 'prnh', 'atur']",positif
"['bener', 'mujarab', 'jamu', 'telat', 'dtang', 'sen', 'disopee', 'donk', 'jg', 'jalan', 'jamu', 'eehh', 'alhamdulillah', 'lngs']",positif
"['maaf', 'kak', 'kasih', 'nilai', 'soale', 'coba', 'liat', 'hasil', 'alhamdulillah', 'banget', 'kak', 'obat', 'efektif', 'bantu', 'telat', 'udah', 'coba', 'kapsul', 'jamu', 'nifas', 'abis']",positif
"['sengaja', 'kasih', 'nilainunggu', 'reaksi', 'dulualhamdulillah', 'manjur', 'telat', 'hrminum', 'habis', 'dapet', 'haid', 'packing', 'rapiprivatepengiriman', 'cepet', 'bangetcuma', 'beli', 'bonusmakasih', 'seller']",positif
"['jujur', 'tipe', 'orang', 'jrang', 'kasih', 'rivew', 'tpi', 'kali', 'beda', 'masyallah', 'bnget', 'berkat', 'obat', 'x', 'minum', 'langsung', 'mens', 'karna', 'ak', 'bsa', 'nyampe', 'bln', 'gk', 'mens', 'periksa', 'dokter', 'spog', 'biaya', 'lum']",positif
"['ntah', 'gimana', 'minum', 'kapsul', 'langsung']",positif
"['ni', 'kemarin', 'udah', 'minum', 'kali', 'emang', 'efek']",negatif
"['minum', 'malemnya', 'udah', 'langsung', 'banjir', 'telat', 'tp', 'hasil', 'test', 'negatif']",positif
"['telat', 'was', 'takut', 'hasil', 'tespek', 'positif', 'alhamdulillah', 'konsumsi', 'jamu', 'hari', 'jawab']",positif
"['pokok', 'gausah', 'takut', 'beli', 'jamu', 'bentuk', 'kapsul', 'aman', 'banget', 'manjur', 'banget', 'rekomendasi', 'banget']",positif
"['x', 'minum', 'langsung', 'mens', 'bln', 'gk', 'mens', 'dapet', 'free', 'rumput', 'patimah', 'recommended']",positif
"['bener', 'ampuh', 'paket', 'dtg', 'jam', 'langsung', 'aq', 'minum', 'reaksi', 'cepat', 'banget', 'jam', 'langsung', 'lega', 'banget', 'terima', 'kasih', 'kak']",positif
"['langsung', 'haid', 'dibarengin', 'makan', 'nanas']",positif
"['udh', 'habis', 'kotak', 'tpi', 'blm', 'haid', 'tpi', 'nnti', 'tunggu', 'klu', 'haid', 'bari', 'ubah', 'bintang', 'skrg']",negatif
"['udah', 'habis', 'bungkus', 'efeknyaa', 'layan', 'bagus']",negatif
"['lancar', 'banget', 'haid', 'seta', 'minum', 'jamu']",positif
"['nyobaaa', 'langsung', 'manjur', 'topp']",positif
"['good', 'udah', 'langgan', 'banget', 'jamu']",positif
"['makasiiihhbarang', 'nyampe', 'cepetsesuai', 'pesenanmakasih', 'say', 'bonus', 'gali', 'singsetnyahehehhehe']",positif
"['cocok', 'banget', 'lancar', 'haid']",positif
"['bagus', 'kayak', 'yaa']",positif
"['produk', 'admin', 'ramah', 'udah', 'kali', 'beli', 'kasih', 'bonus', 'makasiii']",positif
"['minum', 'kali', 'besok', 'banjir', 'sakit', 'perut']",positif
"['efekti', 'lancar', 'haid']",negatif
"['blm', 'hasil', 'udh', 'minum']",negatif
"['jumat', 'mlm', 'minum', 'sabtu', 'pagi', 'mens', 'secepet', 'manjur', 'minum', 'x', 'telat', 'mens', 'dh', 'mggu']",positif
"['nyoba', 'alhamdulillah', 'minum', 'kali', 'langsung', 'haid', 'deres', 'udah', 'telat', 'obat', 'bagus', 'baget', 'poko']",positif
"['beli', 'minum', 'efek']",negatif
"['pas', 'abis', 'minum', 'jamu', 'perut', 'sakit', 'bgttt', 'lgsg', 'panas', 'perih', 'x', 'minum', 'doa']",negatif
"['alhamdulillah', 'berkat', 'obat', 'nifas', 'abis', 'kapsul', 'langsung', 'haid', 'skrng', 'sdang', 'haid', 'ttap', 'minum', 'karna']",positif
"['packing', 'rapih', 'ngaruh', 'pdhl', 'telat', 'bulan', 'bpom', 'daftar', 'sy', 'cek', 'bpom', 'online', 'maaf']",negatif
"['jamu', 'habis', 'du', 'box', 'tamu']",negatif
"['mantap', 'banget', 'fungsi', 'pokok', 'amanah', 'packing', 'rapi', 'kirim', 'cepat']",positif
"['cocok', 'haid', 'ku', 'lancar', 'bulan']",positif
"['ngefek', 'haid']",negatif
"['alhamdulillah', 'habis', 'bungkus', 'langsung', 'udah', 'coba', 'obat', 'nggak', 'ad']",positif
"['khasiap', 'mantapppp', 'ragu']",positif
"['mantap', 'terima', 'kasih', 'kurir', 'toko', 'amanah']",positif
"['serius', 'jamu', 'manjur', 'banget']",positif
"['khasiat', 'banget', 'jamu', 'oke', 'deh', 'pokok']",positif
"['maaf', 'nilai', 'x', 'minum', 'udah', 'langsung', 'haid', 'makan', 'nanas', 'siang', 'malem', 'langsung', 'haid']",positif
"['pakai', 'jamu', 'hari', 'langsung', 'haid']",positif
"['reaksi', 'cepat', 'habis', 'kotak', 'haid']",negatif
"['konsumsi', 'muncul', 'efek', 'khasiat']",negatif
"['sesuai', 'etalasi', 'emas', 'cepat', 'bonus']",positif
"['keren', 'nyampenya', 'cepet', 'pake', 'banget', 'udh', 'gitu', 'packing', 'rapih', 'rapet', 'bgt', 'makasih', 'bonus']",positif
"['nilai', 'jamu', 'efek']",negatif
"['manjur', 'banget', 'langsung', 'trmksh', 'min']",positif
"['bener', 'bener', 'ampuh', 'khaasiatnya']",positif
"['sesuai', 'pesan', 'coba', 'emas', 'cepat', 'aman', 'dapet', 'bonus', 'makasih']",positif
"['kirim', 'sesuai', 'bonus', 'cocok', 'ngaruh', 'makasih', 'ownernya', 'rama']",negatif
"['telat', 'coba', 'minum', 'obat', 'tamu', 'langsung']",positif
"['jamu', 'enak', 'bau', 'kecewa', 'banget']",negatif
"['lambat', 'mens', 'udah', 'tpi', 'tes', 'negatif', 'trus', 'coba', 'minum', 'jamu', 'habis', 'box', 'butir', 'alhamdulillah', 'udah', 'lang']",positif
"['mujarab', 'banget', 'jamu']",positif
"['foto', 'nilai', 'obat', 'udah', 'habis', 'enak', 'blom', 'dapete', 'rutin', 'minum']",negatif
"['cepat', 'cuman', 'ngefeknya', 'pagi', 'minum', 'sore', 'langsung']",positif
"['konsumsi', 'pagi', 'haid', 'alhamdulillah']",positif
"['minum', 'pagi', 'sore', 'langsung', 'haid', 'tp', 'minum', 'jamu', 'racik']",positif
"['pagi', 'minum', 'butir', 'sore', 'bercak', 'tetes']",positif
"['minum', 'kali', 'alhamdulillah', 'depan', 'langsung', 'ngeflek', 'badan', 'enak', 'ngga', 'tunggu', 'minum']",positif
"['bantu', 'problem', 'haid', 'btw', 'thanks', 'bonus', 'jamu', 'nnti', 'edit', 'nilai', 'hasil', 'gimana']",positif
"['sengaja', 'kasih', 'nilai', 'karna', 'coba', 'eh', 'bener', 'telat', 'minggu', 'langsung', 'haid']",positif
"['coba', 'nyeri', 'haid', 'gitu', 'lngsng', 'sembuh', 'lg', 'stress', 'gin', 'suka', 'macet', 'minum', 'kali', 'lngsng', 'lancar', 'der']",positif
"['bantu', 'keluar', 'sisa', 'darah', 'kotor']",positif
"['baik', 'lancar']",positif
"['enak', 'minum', 'enek', 'hasil']",negatif
"['paket', 'darat', 'udh', 'minum', 'blm', 'tanda']",negatif
"['paket', 'darat', 'aman', 'packing', 'rapi', 'kirim', 'jg', 'cepat', 'minum', 'hr', 'mens', 'lgsg', 'cm', 'susah', 'wkt', 'minum', 'butir', 'skaligus']",positif
"['udh', 'abis', 'kotak', 'efek', 'hasil', 'kecewa', 'buang', 'buang', 'uang', 'doang', 'khasiat']",negatif
"['telat', 'haid', 'minggu', 'minum', 'x', 'udah', 'haid', 'seller', 'ramah', 'thx', 'bonus']",positif
"['manjur', 'banget', 'jamu', 'minum', 'langsung', 'haid']",positif
"['kirim', 'cepat', 'kemas', 'rapi', 'jaga', 'privasi', 'tp', 'efek', 'ap']",negatif
"['jamu', 'bener', 'mujarab', 'banget', 'cocok', 'haid', 'lancar']",positif
"['jamu', 'nifas', 'ok', 'banget', 'emang', 'gk', 'instan', 'langsung', 'haid', 'tp', 'minggu', 'ukur', 'jamu', 'tradisional', 'oke', 'khasiat']",positif
"['gada', 'ngefek', 'sayaaaaaaaaaa', 'pil', 'isi', 'bau', 'herbal']",negatif
"['beneran', 'ampuh', 'banget']",positif
"['serius', 'telat', 'haid', 'haid', 'jamu', 'udah', 'dateng', 'pakek', 'gk', 'me']",positif
"['maaf', 'kasih', 'ulas', 'nyoba', 'kasiatnya', 'alhamdulillah', 'hari', 'minum', 'lngsung', 'haid', 'lancar', 'udah', 'telat', 'min']",positif
"['khasiat', 'manjur', 'haid', 'pas', 'udah', 'henti', 'minum']",negatif
"['minum', 'langsung', 'haid', 'kuar', 'lendir', 'bercak', 'coklat', 'tiga', 'sore', 'udah', 'haid', 'lancar']",positif
"['sengaja', 'kasih', 'nilai', 'ngeliat', 'hasil', 'telat', 'minum', 'x', 'langsung', 'haid']",positif
"['hbs', 'kapsul', 'blm', 'haid']",negatif
"['jamu', 'khasiat', 'telat', 'efektif', 'banget']",positif
"['bagus', 'obat', 'manjur', 'telat', 'dtang', 'wajib', 'minum', 'obat']",positif
"['udah', 'minum', 'smpek', 'habis', 'blm', 'jga', 'haid']",negatif
"['minum', 'kali', 'haid', 'pdhl', 'udh', 'telat', 'minggubersyukur', 'banget', 'alhamdulillah', 'pokok', 'recommended', 'adminya', 'ramahpengirimanya', 'cepet', 'bangett', 'uuu']",positif
"['bagus', 'banget', 'udah', 'telat', 'bulan', 'minum', 'jamu', 'nifus']",positif
"['minum', 'jamu', 'box', 'haid']",negatif
"['lumayan', 'hasil', 'minum', 'dus', 'habis', 'hasil', 'terimakasih', 'seller']",positif
"['kirim', 'cepat', 'minum', 'mens', 'mens']",negatif
"['atur', 'haid', 'cobain', 'jamu', 'nifas', 'manjur']",positif
"['manjur', 'banget', 'minum', 'langsung', 'haid', 'top']",positif
"['habis', 'jamu', 'tp', 'blum', 'haid', 'jg']",negatif
"['alhamdulillah', 'minum', 'siang', 'besok', 'langsung', 'terimakasih', 'yaa']",positif
"['kali', 'minum', 'langsung', 'deras', 'nyeri', 'perut']",positif
"['minum', 'x', 'hari', 'kapsul', 'manjur', 'haid', 'telat', 'langsung']",positif
"['manjur', 'banget', 'x', 'minum', 'udah', 'mens', 'pokok', 'recomend', 'deh']",positif
"['jamu', 'luntur', 'cocok', 'kali', 'minum', 'udah', 'deres']",positif
"['lancar', 'sekrang', 'alhamdulillah', 'langsung', 'atur']",positif
"['udah', 'habis', 'minum', 'pack', 'mas', 'halang', 'mens']",negatif
"['produk', 'beneran', 'ampuh', 'darah', 'haid', 'makasih', 'seller']",positif
"['mantap', 'kapsul', 'minum', 'langsung', 'haid']",positif
"['xtokcer', 'x', 'minum', 'langsung', 'kluar', 'kirim', 'cepet', 'kurir']",positif
"['udah', 'minum', 'hri', 'blumjuga', 'haid']",negatif
"['kirim', 'cepat', 'jamu', 'ok', 'minum', 'x', 'alhamdulillah', 'langsung', 'dapet', 'gel', 'gel', 'langsung', 'hilang']",positif
"['minum', 'hadir', 'tamu']",positif
"['makasih', 'bner', 'manjur', 'top', 'banget']",positif
"['top', 'jamu', 'habis', 'box', 'allhmdulillah', 'haid', 'lancar']",positif
"['cocok', 'herbal', 'haid', 'lancar', 'gacor']",positif
"['kali', 'coba', 'jamu', 'langsung', 'reaksi', 'jamu', 'pelancar', 'haid']",positif
"['direkomdasikan', 'lancar', 'haid']",positif
"['recomend', 'banget', 'ampuh', 'atas', 'telat']",positif
"['keren', 'love', 'pokok', 'packing', 'rapiobatnya', 'manjurhaid', 'langsung', 'lancar']",positif
"['gila', 'minum', 'pagi', 'kapsul', 'siang', 'udh', 'haid', 'thenkyu', 'dokter', 'minggu', 'udh']",positif
"['khasiat', 'ampuh', 'abis', 'bungkus', 'udah', 'dateng', 'lancar', 'banget']",positif
"['barang', 'terima', 'minum', 'habis', 'bungkus', 'blm', 'tanda', 'jg']",negatif
"['btw', 'manjur', 'banget', 'obat', 'udah', 'beli', 'kali', 'telat', 'minum', 'jamu', 'habis', 'kotak', 'langsung', 'haid']",positif
"['barang', 'sesuai', 'pesanudh', 'minum', 'haritapi', 'reaksi']",negatif
"['blm', 'khasiat', 'bad', 'sayablm', 'mens', 'udh', 'minum', 'tp', 'trimaksih']",negatif
"['sukaaa', 'bangetttttttt', 'thnkyuu', 'kak', 'haid', 'telat', 'minggu', 'td', 'buka', 'minum', 'butir', 'jam', 'an', 'langsung', 'haid']",positif
"['kirim', 'cepat', 'pesan', 'jumat', 'siang', 'sabtu', 'siang', 'manjur', 'bgt', 'minum', 'kali', 'senin', 'sore']",positif
"['abis', 'box', 'tp', 'blm', 'haid', 'jgentah', 'cocok', 'gmn', 'tp', 'msh', 'coba', 'sampe', 'abis']",negatif
"['kali', 'minum', 'jam', 'malam', 'jam', 'malam', 'langsung', 'haid']",positif
"['alhamdulillah', 'habis', 'bungkus', 'darah', 'haid', 'langsung', 'deras', 'haha', 'makasih', 'gan', 'pan', 'order']",positif
"['obat', 'manjur', 'banget', 'udah', 'telat', 'haid', 'minggu', 'konsumsi', 'hari', 'langsung', 'haid', 'kirim', 'jaga', 'banget']",positif
"['jamu', 'ampuh', 'banget', 'suka', 'telat', 'haid', 'ampuh', 'bangeeet']",positif
"['coba', 'sii', 'karna', 'udh', 'telat', 'haid', 'minggu', 'tpi', 'nyangka', 'obat', 'bnr', 'ampuh', 'x', 'minum', 'udh', 'haid']",positif
"['andal', 'telat', 'haid', 'manjur', 'poll', 'bulan', 'telat', 'haid', 'minum', 'blm', 'bungkus', 'lsg', 'haid']",positif
"['produk', 'oke', 'telat', 'haid', 'minggu', 'minum', 'sesuai', 'anjur', 'haid', 'langsung', 'deres', 'bgttttt']",positif
"['alhamdulillah', 'udah', 'bukti', 'manjur', 'udah', 'habis', 'kotak', 'udah', 'haid', 'pdhl', 'telat', 'bln', 'terimakasih']",positif
"['jamu', 'enak', 'konsumsi', 'sanget', 'ngefek', 'lancar', 'telat']",positif
"['manjur', 'banget', 'telat', 'haid', 'habis', 'minum', 'obat', 'an', 'langsung', 'haid']",positif
"['bener', 'ampuh', 'deh', 'msh', 'x', 'minum', 'lg', 'tp', 'udah', 'dapetseneng', 'bgt', 'stlh', 'tlat', 'hmpir', 'bln', 'terima', 'kasih']",positif
"['ampuh', 'haid', 'sakit', 'nga', 'lancar']",positif
"['manjur', 'bgt', 'minum', 'kapsul', 'besok', 'mens', 'recommended', 'bgtttt']",positif
"['cocokkkkrekomen', 'box', 'luruh', 'haid', 'lambat', 'minggu']",positif
"['minum', 'rutin', 'habis', 'box', 'blm']",negatif
"['tpi', 'sayang', 'ngefek']",negatif
"['efek', 'obat', 'bagus', 'banget', 'cocok', 'telat', 'bulan']",positif
"['minum', 'x', 'langsung', 'dapet', 'sakit', 'perut', 'mens', 'terimakasih']",positif
"['alhamdulillah', 'udah', 'abis', 'minum', 'hari']",positif
"['liat', 'khasiat', 'udah', 'minum', 'x']",negatif
"['udh', 'habis', 'kotak', 'blm', 'mens']",negatif
"['kali', 'minum', 'udah', 'langsung', 'dateng', 'tamu', 'cantik']",positif
"['udah', 'minggu', 'telat', 'minum', 'x', 'malempagi', 'siang', 'udah', 'menstruasi']",positif
"['udh', 'minum', 'ngefekcm', 'bercak', 'merah', 'dikittttt', 'bgt', 'celana', 'minum', 'brp', 'bnyk', 'haid', 'lancar']",negatif
"['msh', 'telat', 'tp', 'ngefek']",negatif
"['otw', 'box', 'halang']",negatif
"['mantapp', 'kali', 'minum', 'langsung', 'haid', 'minggu', 'telat']",positif
"['haid', 'langsung', 'bungkus', 'terimakasih']",positif
"['bener', 'ampuh', 'btw', 'aq', 'minum', 'hr', 'lngsung', 'haid', 'deres', 'bnget', 'nyeri', 'perut', 'gk', 'ganggu', 'aktvtas']",positif
"['alhamdulillah', 'cocok', 'minum', 'habis', 'bungkus', 'lngusng', 'haid', 'lancaaar', 'jaya']",positif
"['rekomendasi', 'bgtt', 'minum', 'x', 'habis', 'langsung', 'haid', 'bagus', 'bgtt', 'jamuuu']",positif
"['habis', 'bungkus', 'jamu', 'mujarab', 'banget']",positif
"['obat', 'udh', 'abis', 'tpi', 'ttp', 'blm', 'haid']",negatif
['reaksi'],negatif
"['udah', 'coba', 'abis', 'butir', 'msh', 'blm', 'haid']",negatif
"['emas', 'bagus', 'jamu', 'cocok', 'banget', 'jamu', 'pelancar', 'haid', 'mantap', 'pokok']",positif
"['minum', 'x', 'efek']",negatif
"['cocok', 'banget', 'kali', 'minum', 'kapsul', 'dapet', 'bonus', 'jamu', 'serbuk', 'lg', 'langgan', 'lg']",positif
"['edit', 'udah', 'abis', 'box', 'blm', 'haid', 'brapa', 'box', 'yaa', 'btw', 'sediihhh', 'pdhl', 'telat', 'blm', 'bulan']",negatif
"['sya', 'telat', 'minggu', 'tespack', 'hasil', 'negatif', 'minum', 'jamu', 'habis', 'bungkus', 'kali', 'minum', 'tpi', 'haid']",negatif
"['pas', 'semalem', 'minum', 'perut', 'bergelombangterus', 'sakit', 'kayak', 'haid', 'gitu', 'bentar']",negatif
"['jamu', 'bener', 'bener', 'bagus', 'bgt', 'dia', 'minum', 'kali', 'bener', 'bener', 'langsung', 'haid', 'telat', 'bulan']",positif
"['udah', 'abis', 'dus', 'reaksi', 'kudu', 'piye', 'tuuhhh']",negatif
"['habis', 'blum', 'haid', 'telat', 'bawa', 'dr']",negatif
"['hasil', 'udah', 'minum', 'kali']",negatif
"['udah', 'habis', 'obat']",negatif
"['cocok', 'minum', 'jamu', 'abis', 'minum', 'jamu', 'badan', 'karuan', 'kaya', 'sesak', 'gtu']",negatif
"['habis', 'bungkus', 'bom', 'nyeri']",negatif
"['cocok', 'lancar', 'bab', 'm']",negatif
"['ampuh', 'jamu', 'aq', 'telat', 'haid', 'bulan', 'minum', 'kali', 'besok', 'lgsg', 'haid', 'tp', 'kluarnya', 'dikit', 'perut', 'kram']",positif
"['darah', 'udah', 'minum', 'x', 'sesak', 'nafas', 'badan', 'lemes', 'karuankecewa']",negatif
"['minum', 'kapsul', 'hasil']",negatif
"['box', 'blm', 'het']",negatif
"['pengaruh', 'bos', 'beli', 'lg']",negatif
"['higienis', 'kapsul', 'rambut', 'panjaaaaang']",negatif
"['udah', 'minum', 'habis', 'kapsul', 'pengaruh']",negatif
"['obat', 'udh', 'abis', 'blm', 'jugakecepatan', 'kirim', 'standar']",negatif
"['manjur', 'banget', 'lho', 'gaess', 'beneran', 'minum', 'minggu', 'habis', 'tu', 'lancaarrr', 'flek', 'sakit', 'perut']",positif
"['bener', 'bener', 'ngefek', 'minum', 'langsung', 'haid', 'telat', 'hari', 'cuman', 'ngeflek', 'doang']",positif
['pelancar'],positif
['efek'],negatif
"['beneran', 'gefek', 'jamu', 'telat', 'langsung', 'lancar']",positif
"['udah', 'abis', 'minum', 'tpi', 'blum', 'telat', 'minggu']",negatif
"['blm', 'manfaat', 'udah', 'mnum', 'efek', 'mksh', 'gratis', 'bedak', 'basah', 'kak']",negatif
"['reaksi', 'kram', 'perut', 'minum']",negatif
"['reaksi', 'apa', 'minum', 'pack']",negatif
"['cocok', 'ampuh']",negatif
['ubah'],positif
"['da', 'efek', 'sma', 'skali']",negatif
"['cocok', 'telat', 'rekomendasi', 'jamu']",positif
"['efek', 'bener', 'nyata', 'jamu', 'oke']",positif
['reaksi'],negatif
"['maaf', 'ngasih', 'bintang', 'pengaruh', 'sedikit', 'mbak']",negatif
"['kapsul', 'uda', 'abis', 'bom', 'haid', 'jg', 'nggak', 'manjur']",negatif
"['ndak', 'pengaruh', 'sekli']",negatif
"['gk', 'manjur', 'tetep', 'bln', 'bln']",negatif
"['nga', 'efek', 'nyaa']",negatif
"['reaksi', 'punmalah', 'mah', 'sakit']",negatif
"['minum', 'jamu', 'haid']",negatif
"['ngefek', 'minum']",negatif
['khasiat'],negatif
"['minum', 'rutin', 'dlm', 'blm', 'emas', 'aman', 'kardus', 'thanks']",negatif
['lancar'],positif
"['minum', 'abis', 'bungkus', 'langsung', 'haid', 'bener', 'bener', 'manfaat', 'banget']",positif
"['udah', 'minum', 'rasa']",negatif
"['telat', 'haid', 'hr', 'alhamdulillah', 'minum', 'lgsg', 'lancar', 'kirim', 'cepat', 'bgt', 'thx']",positif
"['gk', 'efek']",negatif
"['udh', 'minum', 'haritapi', 'reaksi']",negatif
"['blm', 'khasiat', 'bad', 'sayablm', 'mens', 'udh', 'minum']",negatif
"['dtang', 'jg', 'haid', 'pdhal', 'habis', 'bukus', 'tespack', 'jg', 'negative', 'k']",negatif
"['dtang', 'jg', 'haid', 'pdhal', 'habis', 'bukus', 'tespack', 'jg', 'negative', 'm']",negatif
"['udah', 'habis', 'kemas', 'blm', 'bulansolusinya', 'nambah', 'kemas']",negatif
"['minum', 'rutin', 'habis', 'box', 'blm', 'dtg', 'bln']",negatif
"['manjur', 'saya']",negatif
"['udah', 'coba', 'minum', 'efek']",negatif
"['kasih', 'ulas', 'karna', 'nyoba', 'allhmdulillah', 'udah', 'minum', 'haid', 'badan', 'gel', 'kayak']",positif
"['udah', 'habis', 'box', 'haid']",negatif
"['coba', 'istri', 'keluh', 'sakit', 'perut', 'nyeri', 'pinggang', 'antuk', 'minum', 'pil']",negatif
"['pelancar', 'haid']",positif
"['bantu', 'lancar', 'haid']",positif
"['hilang', 'nyeri', 'haid']",positif
"['pelancar', 'mens']",positif
"['udah', 'habis', 'bungkus', 'efeknyaa']",negatif
"['jamu', 'bagus', 'efektif', 'telat']",positif
['efek'],negatif
['khasiat'],negatif
"['mantap', 'manjur', 'banget']",positif
"['khasiat', 'udh', 'dmnum', 'smpe', 'habis', 'menstruasi', 'jg', 'yaa', 'hrus', 'brp', 'bnkus', 'bsa', 'lancar', 'haid']",negatif
"['blm', 'khasiat', 'bad', 'sayablm', 'mens', 'udah']",negatif
"['blom', 'hasil']",negatif
"['lumayan', 'efektif']",positif
"['blm', 'kliatan', 'khasiat', 'ud', 'minum', 'x']",negatif
['efek'],negatif
"['pelancar', 'haid']",positif
"['jamu', 'manjur', 'haid', 'ku', 'lancar']",positif
"['udah', 'minum', 'habis', 'box', 'tp', 'g', 'ad', 'hasil']",negatif
"['udah', 'abis', 'gk', 'reaksi', 'ap']",negatif
"['bln', 'blm', 'haidtespek', 'negatifjamu', 'sy', 'minum', 'x', 'hari', 'kapsul', 'sesuai', 'aturansampe', 'hr', 'jamu', 'hbs', 'blm', 'haid', 'juganunggu', 'm']",negatif
"['ak', 'dah', 'coba', 'minum', 'kapsul', 'lngsung', 'haidpadahl', 'beli', 'bokssisa', 'dech', 'ak', 'telat', 'hr', 'lngsung', 'haid']",positif
"['telat', 'haid', 'minum', 'habis', 'pack', 'blm', 'reaksi']",negatif
"['jafi', 'mnum', 'jamu', 'sampe', 'minum', 'gpp', 'besok', 'mnum', 'langdung', 'muntah', 'lanjutin']",negatif
"['nggak', 'ngaruh', 'minum', 'jamu', 'udah', 'minggu', 'smpe', 'skrng', 'blm', 'haid']",negatif
"['pakek', 'g', 'ubah', 'kayak', 'g', 'minum', 'g', 'cocok', 'cocok']",negatif
"['cock', 'reaksi', 'sedih']",negatif
"['beli', 'oke', 'banget', 'kotak', 'minum', 'langsung', 'plong', 'sampe', 'habis', 'kotak', 'ubah']",negatif
"['minum', 'box', 'sesuai', 'atur', 'pakai', 'ttp', 'lancar', 'haid', 'trimakasih']",negatif
['efek'],negatif
"['habis', 'sachet', 'ngefek', 'efek', 'udah', 'habis', 'bungkus']",negatif
"['br', 'minum', 'x', 'blom', 'reaksi']",negatif
"['ngaruh', 'banget', 'akubaru', 'minum', 'hari', 'udah', 'haid']",positif
"['ngefek', 'pdhal', 'udah', 'mo', 'hbis']",negatif
"['pack', 'ngefek', 'udah', 'minggu', 'haid']",negatif
"['blm', 'efek', 'obat', 'habis']",negatif
"['udh', 'abz', 'kotak', 'blm', 'haid', 'jg']",negatif
"['udh', 'habis', 'pack', 'blm', 'dateng']",negatif
"['efek', 'jamu']",negatif
"['kali', 'minum', 'langsung', 'manjur', 'bngt']",positif
"['mens', 'udah', 'minum']",negatif
"['ngaruh', 'kecewa']",negatif
"['cuba', 'blm', 'efek']",negatif
['hasil'],negatif
['efek'],negatif
"['nunggu', 'manjur', 'engga', 'engga', 'cocok', 'kali', 'yaaa']",negatif
"['baruu', 'x', 'minum', 'perubahm', 'siii', 'hasill', 'nanti', 'klarivikasi']",negatif
"['kerennnn', 'bangetttt', 'alhamdulillaahh', 'minum', 'eh', 'langsung', 'haid', 'bangetttt']",positif
"['lumayan', 'pengaruh', 'lancar', 'menstruasi', 'telaten']",positif
"['efek', 'udh', 'minum', 'tpi', 'ttep', 'msh', 'blom', 'haid']",negatif
"['ampuhh', 'banget', 'maaf', 'review', 'udh', 'telat', 'minggu', 'trus', 'minum', 'sm', 'rutin', 'minum', 'wedang', 'jahe', 'alhamdulilah', 'dtng']",positif
"['so', 'far', 'udah', 'abis', 'box', 'tp', 'efek', 'udh', 'mixed', 'bubuk']",negatif
"['alhamdulillah', 'langsung', 'lancar', 'haid']",positif
"['udah', 'nyoba', 'ngga', 'dapetsih']",negatif
"['mempan', 'haid', 'cocok']",negatif
"['ngefek', 'haid']",negatif
"['jamu', 'manjur', 'sekalicocok', 'telat']",positif
"['g', 'mempan', 'jamu']",negatif
"['serius', 'jamu', 'manjur', 'banget', 'top', 'pokok']",positif
"['efek', 'jamu', 'cepat', 'telat', 'lancar', 'banget', 'haid']",positif
"['ubah', 'apa']",negatif
"['emang', 'jamu', 'bagus', 'banget', 'mens', 'atur']",positif
"['minum', 'pagi', 'sore', 'reaksi']",negatif
"['udah', 'x', 'pesan', 'emang', 'cocok', 'deh', 'makasih']",positif
"['jamu', 'efektif', 'banget', 'atas', 'nyeri', 'menstruasi', 'kirim', 'cepat', 'packing', 'rapi', 'mantap', 'ban']",positif
"['sengaja', 'kasih', 'nilai', 'tanggal', 'november', 'ken', 'khasiat', 'emang', 'bagus', 'sang']",positif
"['beli', 'pack', 'alhamdulillah', 'habis', 'pack', 'mens', 'kirim', 'cptr', 'bgt', 'beli', 'kemari', 'besok', 'dateng', 'masya', 'allah', 'neng', 'bgt']",positif
"['langgananampuh', 'telat', 'karna', 'gk', 'atur', 'respon', 'lancar', 'pengiramcepet', 'banget', 'ttim']",positif
"['haid', 'sakit', 'pdhl', 'sblm', 'lahir', 'udah', 'sakit', 'efek', 'muncul', 'jerawat', 'sblm', 'mens', 'tp', 'bnr', 'bersi']",positif
"['sengaja', 'kasih', 'nilai', 'obat', 'jamu', 'bener', 'manjur', 'ngebantu', 'udah', 'telat', 'mens', 'hari', 'efek', 'a']",positif
"['ampuh', 'telat', 'haid', 'minum', 'hari', 'kapsul', 'x', 'hari', 'kapsul', 'ta']",positif
"['haid', 'lancar', 'flek', 'x', 'minum', 'lgsg', 'lancar', 'bgt', 'bgs', 'dtg', 'bulan', 'ngga', 'traturkluar', 'flek', 'jamu', 'bener', 'dt']",positif
"['udah', 'keberapaaaaa', 'gt', 'order', 'manjur', 'gercep', 'aman', 'sampe', 'rumah', 'dapet', 'free', 'kl', 'lg', 'butuh', 'free']",positif
"['minum', 'abis', 'bungkus', 'langsung', 'haid', 'bener', 'bener', 'manfaat', 'banget', 'seri']",positif
"['pas', 'banget', 'jamu', 'abis', 'trus', 'besok', 'jelang', 'pagi', 'haid', 'kapsul', 'minum', 'enak']",positif
"['beli', 'efek', 'samping', 'haid', 'lancar']",positif
"['minum', 'kapsul', 'udh', 'lumayan', 'prubhan', 'udh', 'tanda', 'perut', 'nyeri', 'kayak', 'datng']",positif
"['alhamdulillah', 'pake', 'pelancar', 'haid', 'cocok', 'instant', 'ta']",positif
"['udah', 'habis', 'box', 'blm', 'tanda', 'haid']",negatif
"['minum', 'kali', 'langsung', 'lancar']",positif
"['beli', 'paket', 'trus', 'takut', 'bom', 'manjurakhirnya', 'beli', 'pas', 'paket', 'udah', 'eh', 'udah', 'pms', 'a']",positif
"['reaksi', 'apa', 'terimakasih', 'bonus', 'nyasaya', 'ampuh', 'minum', 'da', 'efek', 'mala']",negatif
"['alhamdulillah', 'udh', 'haid', 'skrg', 'haid', 'lancar', 'respon', 'seller', 'cepat', 'da']",positif
"['khasiat', 'bagus', 'butuh', 'proses', 'beli', 'udah', 'x', 'nyapokoknya', 'sip']",positif
"['jamu', 'manjur', 'sayacocok', 'haid', 'minumagar', 'haid', 'waktualhamdulilah', 'p']",positif
"['minum', 'langsung', 'efek', 'minum', 'flek', 'coklat', 'kemarin', 'haid', 'telat', 'ha']",positif
"['sengaja', 'buktiin', 'productnya', 'reviewdan', 'hasil', 'memuaskansaya', 'telat', 'haid', 'skrg', 'haid', 'lgalhamdulillah']",positif
"['tokcer', 'abis', 'minum', 'x', 'haid', 'lgsg', 'lancar', 'cma', 'flek', 'trs']",positif
"['mantap', 'dach', 'alhamdulillah', 'minum', 'kotak', 'udah', 'tokcer', 'niehehehehe']",positif
"['ampuh', 'banget', 'konsumsi', 'langsung', 'darah', 'wasw']",positif
"['alhamdulilah', 'obat', 'cocok', 'minum', 'box', 'halang', 'lancar', 'bulan', 'aman', 'y']",positif
"['bagus', 'jamu', 'tp', 'ngaruh', 'udah', 'abis', 'dus', 'pikir', 'seller', 'ramah', 'kirim', 'super', 'cepet']",negatif
"['sengaja', 'kasih', 'ulas', 'lambat', 'minum', 'kali', 'sesuai', 'anjur', 'pakai', 'alhamdulilah', 'nama', 'tamu', 'langsung']",positif
"['alhamdulillah', 'bungkus', 'udh', 'makasih', 'kak', 'manjur', 'seka', 'alhamdulillah']",positif
"['kemaren', 'pagi', 'nyoba', 'tp', 'nyeri', 'dikit', 'perut', 'masil', 'haid']",negatif
"['asli', 'bagus', 'banget', 'makasih', 'seller', 'haid', 'ku', 'lancar']",positif
"['produk', 'bagus', 'udah', 'beli', 'alhamdulillah', 'lancar']",positif
"['barang', 'bangett', 'minum', 'kotak', 'langsung', 'dapet', 'haidterimakasih', 'banyakk', 'kakkk', 'barang', 'selamat']",positif
"['minum', 'langsung', 'badan', 'udh', 'sakit', 'karna', 'haid', 'atur', 'skrg', 'enakeunn', 'mudah', 'tratu']",positif
"['udah', 'telat', 'minggu', 'minum', 'efek']",negatif
"['minum', 'resep', 'hasil', 'langsung']",positif
"['sengaja', 'ngasih', 'nilai', 'menjur', 'ndak', 'emang', 'manjur', 'akuu', 'a']",positif
"['bagusbagus', 'manfaat', 'orang', 'telat']",positif
"['minum', 'kali', 'manjur', 'banget', 'haid', 'lansung', 'lancar']",positif
"['telat', 'tgl', 'minum', 'jamu', 'pagi', 'siang', 'langsung', 'haid']",positif
"['sengaja', 'ngasih', 'ulas', 'diminumsangat', 'bantu', 'kakmksh', 'yaaabru', 'minum', 'pagi', 'malam', 'besokny']",positif
"['honest', 'review', 'banget', 'tgl', 'april', 'telat', 'udah', 'hari', 'pahadal', 'sbelumnya', 'telat', 'minum', 'x', 'l', 'hasil', 'lancar']",positif
"['beli', 'karna', 'telat', 'rutin', 'lancar', 'order', 'lancar', 'karna', 'gel', 'pe']",positif
"['khasiat', 'manjur', 'haid', 'pas', 'udah', 'henti', 'minum', 'layan', 'bagus', 'bintang']",negatif
"['obat', 'bagus', 'kali', 'makan', 'haid']",positif
"['produk', 'telat', 'haid']",positif
"['udah', 'repurchase', 'kali', 'manjur', 'banget', 'minum', 'langsung', 'haid', 'top']",positif
"['udah', 'habis', 'minum', 'pack', 'mas', 'halanganmens']",negatif
"['sampek', 'bom', 'haid', 'pil', 'gede']",negatif
"['kali', 'order', 'bener', 'recomend', 'langsung', 'haid', 'lancar']",positif
"['mantap', 'kapsul', 'minum', 'lgsg', 'haid']",positif
"['gk', 'efek', 'kirim', 'cepat', 'terimakasih']",negatif
"['muas', 'trimakasih', 'seller', 'sukses', 'recommended']",positif
"['udah', 'minum', 'hri', 'tpy', 'blumjuga', 'haid']",negatif
"['murah', 'guna', 'lancar', 'haid']",positif
"['in', 'beli', 'yng', 'emng', 'manjur', 'ne']",positif
"['hari', 'kapsul', 'langsung', 'haid', 'tetep', 'lanjutin', 'sampe', 'box', 'habis', 'krna', 'hr', 'haid', 'lendir']",positif
"['habis', 'bungkus', 'efek']",negatif
"['bagus', 'kualitas', 'jamu']",positif
"['bantu', 'melancatkain', 'haid', 'atur']",positif
['telat'],positif
"['khasiat', 'telat']",positif
"['bagus', 'minum', 'lancar', 'haid']",positif
"['lancar', 'haid']",positif
"['nampol', 'banget', 'asli', 'jamu']",positif
['ubah'],negatif
"['manjur', 'banget', 'sip']",positif
"['fektif', 'telat']",positif
"['khasiat', 'lancar', 'mens']",positif
"['lancar', 'haid', 'bagus', 'pokok', 'jamu']",positif
"['efek', 'jamu', 'enak']",negatif
"['manjur', 'cocok']",positif
"['manjurmantul', 'langgan', 'kurang', 'sakit', 'lancar', 'haid']",positif
"['pakai', 'efek']",negatif
"['lancar', 'haid']",positif
"['bantu', 'atas', 'lambat', 'haid']",positif
"['lancar', 'haid']",positif
['lambat'],positif
"['bagus', 'produk']",positif
['melancarakan'],positif
"['bagus', 'haid', 'atur']",positif
"['bagus', 'banget', 'jamu', 'lancar', 'haid']",positif
"['pelancar', 'haid', 'atur']",positif
"['efektif', 'mellancarkan', 'haid']",positif
"['manjur', 'habis', 'lgsg', 'haidrecomended', 'bgt', 'haid', 'atur']",positif
"['bru', 'minum', 'kali', 'langsung', 'gacor', 'haid', 'ku', 'lancar']",positif
"['alhamdulillah', 'jamu', 'cocok', 'habis', 'bungkus', 'haid', 'ku', 'langsung', 'dateng', 'telat']",positif
"['habis', 'resep', 'mens']",negatif
"['ampuh', 'banget', 'lancar', 'haid']",positif
"['atas', 'telat']",positif
"['bersih', 'rahim', 'lahir']",positif
"['lancar', 'menstruasi']",positif
"['bantu', 'atas', 'telat', 'haid']",positif
"['abis', 'minum', 'darah', 'tp', 'cm', 'banget', 'cm']",positif
"['kali', 'beli', 'alhamdulillah', 'cocok', 'kualitas', 'produk']",positif
"['reda', 'nyeri', 'haidmembantu', 'lancar', 'telat', 'haid']",positif
"['bantu', 'cepat', 'telat']",positif
['lancar'],positif
['khasiat'],positif
"['efektif', 'lancar', 'haid']",positif
['lancar'],negatif
"['alhamdulillah', 'cocok', 'bgt', 'jamu', 'badan', 'enak', 'pas', 'lg', 'bulan', 'dpt', 'bonus', 'jg']",positif
"['mesan', 'x', 'kemaren', 'ud', 'habis', 'pack', 'blm', 'khasiat']",negatif
"['harga', 'murah', 'kualitas', 'topp']",positif
"['lancar', 'haid', 'cocok', 'efektif']",positif
['efek'],negatif
"['ubah', 'tpi', 'coba']",negatif
"['haid', 'lancar']",positif
"['kualitas', 'produk', 'produk', 'original', 'harga', 'murah']",positif
"['lancar', 'mens']",positif
"['mantull', 'bagus', 'ok', 'pokok']",positif
"['obat', 'ampuh', 'bgt', 'malam', 'makan', 'pagi', 'langsg', 'mens']",positif
"['lancar', 'haid', 'atur']",positif
"['obat', 'ampuh', 'bgt', 'malam', 'makan', 'pagi', 'langsg', 'mens']",positif
"['jamu', 'minum', 'x', 'haid', 'langsung', 'lancar']",positif
"['muas', 'mantaaaapppp']",positif
"['bagus', 'khasiat']",positif
"['jamu', 'menjur', 'banget', 'terimakaih']",positif
"['produk', 'jamu', 'bagus', 'manjur']",positif
['hasil'],negatif
"['minum', 'habis', 'haid', 'pokok', 'jmunya', 'top', 'banget']",positif
"['sip', 'bngt', 'jamu', 'minum', 'pil', 'langsng', 'm', 'makasih', 'seller']",positif
"['beneran', 'baguus', 'jamu', 'sip']",positif
"['lancar', 'haid', 'cocok', 'telat']",positif
"['bagusssshaid', 'lancar', 'banget']",positif
"['muas', 'haid', 'lancar']",positif
"['sengaja', 'kasih', 'nilainunggu', 'reaksi', 'dulualhamdulillah', 'manjur', 'telat', 'hrminum', 'habis', 'dapet', 'haid', 'packing', 'rapiprivatepengiriman', 'cepet', 'bangetcuma', 'beli', 'bonusmakasih', 'seller']",positif
"['haid', 'lancar', 'terratur']",positif
"['efektif', 'banget', 'jamu', 'cocok', 'telat']",positif
"['manjur', 'banget', 'bagus', 'konsumsi']",positif
"['minum', 'kotak', 'blm', 'pengaruh']",negatif
"['tangan', 'telat']",positif
"['bener', 'ampuh', 'paket', 'dtg', 'jam', 'langsung', 'aq', 'minum', 'reaksi', 'cepat', 'banget', 'jam', 'langsung', 'lega', 'banget', 'terima', 'kasih', 'kak']",positif
"['efektif', 'telat', 'haid']",positif
"['cepat', 'haid']",positif
['telat'],positif
"['minum', 'langsung', 'darah', 'menstruasi', 'trimakasih', 'kakk']",positif
"['obat', 'ampuh', 'lancar', 'haid']",positif
"['jamu', 'telat']",positif
"['khasiat', 'mantapppp', 'ragu']",positif
"['barang', 'oke', 'kualitas', 'produk', 'bagus', 'kecewa']",positif
"['bener', 'bener', 'ampuh', 'banget']",positif
"['kualitas', 'produk', 'manjur', 'mens', 'lancar']",positif
"['jamu', 'luntur', 'bagus', 'manjur']",positif
"['cocok', 'produk', 'next', 'time', 'order']",positif
"['kualitas', 'produk', 'mens', 'lancar']",positif
"['neng', 'barang', 'bagus', 'mens', 'langsung', 'gacor']",positif
"['maaf', 'kasih', 'ulas', 'karna', 'coba', 'pake', 'alahdmulillah', 'manjur', 'bgt']",positif
"['manjur', 'top', 'banget']",positif
"['habis', 'box', 'manjur', 'terimakasih']",positif
"['khasiat', 'banget', 'jamu']",positif
"['kualitas', 'barang']",positif
"['ngefek', 'jamu', 'serius']",negatif
"['produk', 'original']",positif
"['lancarin', 'haid']",positif
"['gada', 'efek', 'jamu', 'sedih', 'banget']",negatif
"['pelancar', 'haid']",positif
"['manjur', 'lancar', 'haid']",positif
"['respon', 'jual', 'kirim', 'alhamdulillah', 'hbs', 'kapsul', 'blm', 'haid', 'hormon', 'bedaefek', 'kb', 'suntik', 'terima', 'kasih', 'seller']",negatif
"['produk', 'murah', 'harga', 'jamu', 'bener', 'bener', 'manjut', 'banget']",positif
"['minum', 'kali', 'haid', 'pdhl', 'udh', 'telat', 'minggubersyukur', 'banget', 'alhamdulillah', 'pokok', 'recommended']",positif
"['bagus', 'banget', 'udah', 'telat', 'bulan', 'minum', 'jamu', 'nifus', 'bu']",positif
"['minum', 'tanda', 'tanda', 'mens']",negatif
"['bagus', 'banget', 'minum', 'x', 'langsung', 'halang']",positif
"['bbrpa', 'kali', 'minum', 'lgsg', 'kluar', 'deras', 'nyeri', 'perut']",positif
"['asli', 'bagus', 'banget', 'obat', 'cocok', 'banget', 'telat', 'haid']",positif
"['lancar', 'haid', 'banget']",positif
"['manjurjamunya', 'gokil', 'banget']",positif
"['manjur', 'suka', 'produk', 'pastinyaa', 'repeat', 'order']",positif
"['ngga', 'hasil', 'hasil', 'individu', 'beda']",negatif
"['top', 'bangeeeeet', 'telat', 'bulan', 'lgsg', 'halang']",positif
"['minum', 'x', 'ngefek']",negatif
"['jamu', 'mens', 'lambat']",positif
"['minum', 'sesuai', 'anjur', 'produk', 'hari', 'x', 'kapsul', 'langsung', 'haid', 'esok']",positif
"['barang', 'terima', 'minum', 'habis', 'bungkus', 'blm', 'tanda', 'jg']",negatif
"['pahit', 'banget', 'jamu', 'enak']",negatif
"['mantap', 'minum', 'x', 'langsung']",positif
"['ngaruh', 'langsung', 'lancar', 'habis', 'bungkus']",positif
"['ngefek', 'jamu', 'nifas', 'udah', 'minum']",negatif
"['cocok', 'telat', 'haid', 'alami', 'keluh']",positif
"['efek', 'haid']",negatif
"['minum', 'langsung', 'deres']",positif
"['seger', 'banet', 'jamu']",positif
"['jamu', 'cocok', 'banget', 'alhamdulilah', 'kali', 'haid', 'telat', 'telat', 'ngalamin', 'gel', 'minum', 'pack', 'alhamdulilah', 'bantu', 'banget']",positif
"['langgan', 'cocok', 'atas', 'lambat']",positif
['jamu'],negatif
"['order', 'x', 'langsung', 'manjur', 'rekomen', 'deh', 'poko']",positif
"['telat', 'minum', 'pagi', 'harimalamnya', 'langsung', 'min']",positif
"['kecewa', 'banget', 'ngefek']",negatif
"['efek', 'sakit', 'perut']",negatif
"['top', 'markotop', 'pokok', 'minum', 'x', 'langsung', 'bocor']",positif
"['emng', 'termantul', 'coba', 'm', 'kapsul', 'sma', 'tuntas', 'ngefek', 'minum', 'bru', 'bungkus', 'udh', 'mens', 'dongsebagus']",positif
"['udah', 'habis', 'pack', 'tanda', 'haidh']",negatif
"['mantap', 'jamu', 'cocok', 'banget', 'lansung', 'manjur']",positif
"['bagus', 'bgt', 'bru', 'pake', 'udh', 'haid']",positif
"['mantul', 'bgt', 'selang', 'langsung', 'haid']",positif
"['bukti', 'bantu', 'lancar', 'haidterimakasih']",positif
"['sen', 'x', 'lansung', 'manjur']",positif
"['ubah', 'ngefek']",negatif
"['minum', 'hasil']",negatif
"['minum', 'hri', 'liat', 'hasil', 'nyahaid', 'deres']",positif
"['alhamdulillah', 'minum', 'langsung', 'telat', 'terimakasih']",positif
"['ngefek', 'habis', 'box']",negatif
"['udah', 'minum', 'reaksi']",negatif
"['enak', 'badan', 'nyeri', 'dapet', 'lancar']",positif
"['lancar', 'haid', 'bagus']",positif
"['udh', 'kali', 'kali', 'beli', 'dsini', 'langgan', 'banget', 'telat', 'dateng', 'manjur']",positif
"['pelancar', 'haid', 'cocok', 'banget']",positif
"['manjur', 'baget', 'lancar', 'haid', 'udah', 'haid']",positif
"['alhamdulillah', 'izin', 'alloh', 'swt', 'mnm', 'kali', 'hasil', 'mantul']",positif
"['manjur', 'udah', 'minum', 'sampe', 'obat', 'abis']",negatif
"['badan', 'panas', 'sakit', 'tidk', 'ngefek']",negatif
"['jamu', 'ampuh', 'udah', 'minum', 'rutin', 'box', 'hasil']",negatif
"['ngefek', 'bungkus', 'habis']",negatif
"['kasiatnya', 'kecewa']",negatif
"['habis', 'kotak', 'kasiat']",negatif
"['reaksi', 'guna']",negatif
"['udah', 'minum', 'minggu', 'hasil']",negatif
['lancar'],positif
"['cocok', 'minum', 'langsung', 'muntah', 'kayak', 'mabok', 'kebanyakn', 'dosis', 'sesuai', 'minum']",negatif
"['udah', 'minum', 'udah', 'abis', 'taip', 'hasil', 'telat', 'minggu']",negatif
"['perububahan', 'minum', 'rutin', 'badan', 'gemuk', 'bb', 'betis', 'paha', 'ngembang', 'nang', 'umur']",negatif
"['mantap', 'x', 'minum', 'lagsung', 'haid']",positif
"['efek', 'apa']",negatif
"['murah', 'bange', 'jamu', 'ngefeknya', 'bener', 'ngefek']",positif
['lancar'],positif
"['maaf', 'ngasih', 'ulasankarna', 'reaksi', 'obat', 'barang', 'tgl', 'juni', 'langsung', 'minum', 'jamu', 'inidan', 'tgl', 'agustus', 'haid', 'alhamdulillah', 'jamu', 'manjur']",positif
"['bagus', 'original', 'jamu', 'mantap', 'banget']",positif
"['cepet', 'sampeknyaa', 'packaging', 'rapih', 'dapet', 'bonus', 'jugaa', 'stelah', 'mnum', 'smpek', 'abis', 'trus', 'besok', 'mens', 'alhamdulillah', 'pdahal', 'telat', 'mens', 'minggu', 'pas', 'mens', 'bneran', 'jdi', 'sakit', 'pdahal', 'selal']",positif
"['udah', 'pake', 'jamu', 'manjur']",positif
"['cocok', 'banget', 'telat']",positif
"['udah', 'habis', 'kotak', 'mempan']",negatif
"['mantul', 'banget', 'produk', 'x', 'minum', 'haidperut', 'nyeri', 'darah', 'lancar', 'banget', 'terimakasih']",positif
"['top', 'banget', 'kali', 'minum', 'dah', 'deres', 'banget', 'badan', 'pegelpegel', 'minum', 'dah']",positif
"['manjur', 'minum', 'langsung', 'haid']",positif
"['habis', 'bungkus', 'hasil']",negatif
"['rekomdasikan', 'bngt', 'minum', 'lngsung', 'haid', 'insaalloh', 'order', 'lg', 'trimakasih', 'moga', 'toko', 'maju']",positif
"['trimakasih', 'kakakstelah', 'minum', 'abis', 'akirnya', 'tunggu']",positif
"['alhamdulillah', 'minum', 'langsung', 'bocorqodarulloh', 'trims', 'bonus']",positif
"['kayak', 'cocok', 'akutelat', 'mens', 'mnggu', 'hbs', 'bngkusgak', 'efek']",negatif
"['habis', 'kotak', 'ubah', 'haid']",negatif
"['hasil', 'udah', 'abis', 'dus']",negatif
"['udah', 'habis', 'bungkus', 'efek']",negatif
"['cocok', 'minum', 'rutin']",positif
"['emng', 'termantul', 'coba', 'm', 'kapsul', 'sma', 'tuntas', 'ngefek', 'minum', 'bru', 'bungkus', 'udh', 'mens', 'dongsebagus']",positif
"['udah', 'habis', 'pack', 'tanda', 'haid']",negatif
"['udh', 'abis', 'bungkus', 'nihil', 'kak']",negatif
"['mantul', 'haid', 'minum', 'pil', 'langsung', 'haid']",positif
"['manjur', 'huhu', 'udah', 'minum', 'habis']",negatif
"['minum', 'habis', 'bungkus', 'sampe', 'haid', 'sedih']",negatif
"['lancar', 'haid', 'atur']",positif
"['kualitas', 'produk', 'produk', 'original', 'harga', 'produk', 'cepat', 'kirim', 'respon', 'jual']",positif
"['telat', 'minggu', 'khasiat']",negatif
"['khasiat', 'kecewa']",negatif
"['kirim', 'cepat', 'respon', 'penjula', 'produk', 'original', 'thankyou', 'seller']",positif
"['manjurmantul', 'banget', 'jamu', 'langgan']",positif
"['khasiat', 'ngefek', 'dah', 'kecewa', 'banget']",negatif
['lancar'],positif
"['alhamdulillah', 'bungkus', 'udh', 'makasih', 'kak', 'manjur']",positif
"['alhamdulillah', 'hari', 'minum', 'langsung', 'haid', 'lancar', 'udah', 'telat', 'minggu']",positif
"['manjur', 'banget', 'jamu', 'toppp', 'banget']",positif
"['coba', 'minggu', 'manjur', 'sip', 'pokok', 'deh']",positif
"['minum', 'habis']",negatif
"['udah', 'minum', 'hbs', 'blm', 'menstruasi', 'yaasaya', 'udah']",negatif
"['obat', 'dah', 'abis', 'haid', 'obat', 'fungsi']",negatif
"['kapsul', 'udh', 'habis', 'kak', 'sisa', 'tablet', 'habis', 'reaksi', 'head', 'lancar', 'ko', 'reaksi', 'kak', 'gitu']",negatif
"['bukti', 'rekayasa', 'terima', 'kasih', 'gan', 'kwalitas', 'produk', 'x', 'order', 'manjur', 'banget']",positif
"['tgl', 'mar', 'malam', 'minum', 'rutin', 'kapsul', 'pagi', 'kasul', 'malam', 'tanggal', 'mar', 'malam', 'mens', 'recommended', 'product']",positif
"['maaf', 'kasih', 'ulusan', 'jamu', 'mujarab', 'suka', 'krna', 'sy', 'cocok', 'jamu', 'makasih', 'kak']",positif
"['udah', 'minum', 'bungkus', 'tatap', 'hasil']",negatif
"['gatau', 'benr', 'ngefek', 'tubuh', 'orgga', 'prnh', 'beli', 'krna', 'haid', 'gt', 'ps', 'minum', 'abis', 'bru', 'dapet', 'dlem', 'minggu', 'lebh', 'trs', 'sen', 'lg', 'skrg', 'bru', 'mnm', 'smlm', 'skrg', 'paginy', 'dateng']",positif
"['puas', 'belanja', 'toko', 'cocok', 'jamu', 'kasih', 'free', 'sari', 'rapet', 'makasih', 'seller']",positif
"['reaksi', 'udah', 'tinggal', 'kapsul', 'minum']",negatif
"['barang', 'hr', 'kamis', 'sore', 'jam', 'lagsung', 'minum', 'kapsuldan', 'alhamdulillah', 'jumat', 'jam', 'siang', 'dapet', 'mens', 'deh', 'manjur', 'bangt', 'jamu', 'recomended', 'banget']",positif
"['sorry', 'kasih', 'ulas', 'obat', 'mantull', 'pokok', 'mah', 'kali', 'minum', 'esok', 'langsung', 'dapet', 'head', 'mantap']",positif
"['minum', 'kapsul', 'langsung', 'mens', 'bnr', 'mujarab', 'ampuh', 'kak', 'nemu', 'obat', 'ampuh', 'pake', 'obat', 'pelancar', 'hed', 'ampuh', 'mh', 'doang', 'udh', 'ampuh', 'good', 'mksh', 'lazada', 'seller']",positif
"['maaf', 'kasih', 'ulas', 'pas', 'langsung', 'minum', 'sesuai', 'atur', 'k', 'lsg', 'siang', 'terusin', 'minum', 'obat', 'badan', 'enak', 'dkit', 'pinggang', 'hilang', 'mantap', 'pkonya']",positif
"['pesan', 'x', 'mujarab', 'sip', 'pokok', 'privasi', 'jaga']",positif
"['kecewa', 'banget', 'jamu', 'reaksi', 'sedih']",negatif
"['obat', 'udah', 'sisa', 'blm', 'dapet']",negatif
"['bener', 'manjur', 'minum', 'langsung', 'dapet']",positif
"['udah', 'minum', 'kali', 'blum', 'reaksi']",negatif
"['kali', 'beli', 'tonersecinta', 'produk', 'bener', 'wajah', 'cerah', 'bekas', 'jerawat', 'udah', 'pudar']",positif
"['maaf', 'ngasih', 'ulas', 'sy', 'ken', 'kasiatnya', 'ngga', 'jagada', 'reaksi']",negatif
"['jamu', 'mantul', 'malam', 'minum', 'pagi', 'minum', 'kali', 'minum', 'siang', 'langsung', 'haid', 'udah', 'telat', 'minggu']",positif
"['barang', 'dtg', 'minum', 'tpi', 'blm', 'hasil']",negatif
"['mantappp', 'udh', 'talat', 'minggu', 'mnum', 'dngn', 'tratur', 'bgitu', 'abis', 'langsung', 'keluarpokokke', 'mantul', 'dweh']",positif
"['blum', 'coba', 'smoga', 'ja', 'ccok', 'tpi', 'aq', 'udah', 'bli', 'x', 'haed', 'mas', 'kurir']",positif
"['gilaa', 'parah', 'obat', 'gua', 'blm', 'dapet', 'dapet', 'bln', 'an', 'trus', 'gua', 'minum', 'obat', 'pagi', 'jam', 'jam', 'gue', 'udh', 'nge', 'flek', 'trus', 'jam', 'gua', 'udah', 'darah', 'dapet', 'bgt', 'makasih', 'bgt', 'bgt', 'bgt', 'pokok', 'ngerti', 'gue', 'pokok', 'makasih', 'bgt']",positif
"['obat', 'yh', 'lalusudah', 'minum', 'jugatapi', 'reaksi', 'sekalisisa', 'obat', 'tingal', 'kali', 'minum', 'lagiapa', 'menunggi', 'obat', 'habis', 'reaksinyapadahal', 'minum', 'sesuai', 'anjur', 'xsehari', 'capsulblom', 'reaksiudah', 'telat', 'mens']",negatif
"['emas', 'super', 'keren', 'bener', 'bener', 'jaga', 'privasi', 'alhamdulillah', 'dah', 'haid', 'minum', 'tengkyu', 'lazada']",positif
"['mantuultelat', 'haid', 'minum', 'obat', 'rutin', 'ampe', 'abis']",positif
"['mujarap', 'jamu', 'minum', 'malam', 'siang', 'langsung', 'dapet', 'maksih', 'sis']",positif
"['kecewa', 'udh', 'abiss', 'nggk', 'haid', 'jga', 'sya', 'mh', 'udh', 'ngarep', 'ajh', 'minum', 'lngsung', 'haid', 'ehh', 'nyatanyhh', 'blum', 'haid', 'jga', 'udh', 'abis', 'lgi', 'kcewa', 'bnerr']",negatif
"['manjur', 'atur', 'habis', 'bungkus', 'langsung', 'haid']",positif
"['brng', 'haid', 'beres', 'maksih', 'seler', 'bnget']",positif
"['bagus', 'abis', 'kotak', 'udah', 'dpt', 'haid', 'udah', 'telat']",positif
"['udah', 'konsumsi', 'tanda']",negatif
"['udah', 'haid', 'x', 'minum', 'langsung', 'haid']",positif
"['muas', 'seger', 'jamu']",positif
"['udah', 'minumudah', 'kapsul', 'habisnyablm', 'ubah']",negatif
"['jamuny', 'x', 'minum', 'mens', 'ajah', 'mantapp']",positif
"['udah', 'minum', 'tp', 'kak']",negatif
"['habis', 'dus', 'blm', 'jg']",negatif
"['jamu', 'mujarab', 'bangetbaru', 'kali', 'minum', 'obat', 'langsung', 'dateng', 'udah', 'beli', 'ngga', 'lancar']",positif
"['kemarin', 'siang', 'sampe', 'barang', 'eh', 'malam', 'dipake', 'pas', 'tidur', 'pagi', 'lgsg', 'menstruasi', 'maksih', 'yaaaa', 'obat', 'mujarab']",positif
"['mantap', 'jamain', 'lancar', 'banget', 'haid']",positif
"['bener', 'ampuh', 'banget', 'langsung', 'dapet', 'haid', 'dapet', 'haid']",positif
"['udh', 'abis', 'tpi', 'blom', 'dpet', 'haid']",negatif
"['ubah', 'manjur']",negatif
"['gada', 'kembang', 'obat', 'habis', 'tp', 'jg', 'bulan']",negatif
"['telat', 'minum', 'obat', 'x', 'lngsung', 'haid', 'mantap']",positif
"['udh', 'minum', 'ok', 'gah', 'reaksisi', 'obat', 'udh', 'abis']",negatif
"['udh', 'habis', 'tgal', 'x', 'minum', 'gk', 'reaksi', 'sma', 'sekli']",negatif
"['ampuhbaru', 'minum', 'x', 'langsung', 'haid']",positif
"['g', 'ad', 'reaksi', 'nyag', 'haid', 'jg', 'smpe', 'hbs', 'obat', 'blm', 'haid', 'jg']",negatif
"['baguss', 'kewa']",positif
"['manjur', 'bangetmakasih']",positif
['manjur'],positif
"['mantap', 'jamu', 'maduranya', 'minum', 'langsung', 'haid', 'thanks']",positif
"['puas', 'minum', 'kapsul', 'langsung', 'haid', 'makasih', 'lazada', 'moga', 'amanah']",positif
"['minum', 'rutin', 'langsung', 'hasil', 'obat', 'bagus']",positif
"['mantap', 'kli', 'minum', 'udh', 'haidmakasih']",positif
"['langsung', 'kluar', 'ka', 'oke', 'banget', 'obat']",positif
"['obat', 'udah', 'abis', 'tpi', 'gk', 'reaksi']",negatif
"['mantapp', 'minum', 'kali', 'udah', 'lancar']",positif
"['jamu', 'bagus', 'banget']",positif
"['alhamdulillah', 'siang', 'paket', 'lngsung', 'minum', 'alhamdulillah', 'sore', 'haid']",positif
"['gada', 'khasiat', 'dah', 'abis', 'bungkus', 'konsumsi', 'hari']",negatif
"['minum', 'obat', 'darah', 'pas', 'mimum', 'obat', 'langsung', 'darah', 'banget', 'mantaaap', 'puas', 'ko', 'efek', 'samping', 'lemes', 'sakit']",positif
"['jamu', 'udah', 'habis', 'tp', 'reaksi']",negatif
"['kapsul', 'tpi', 'bom', 'mens']",negatif
"['ngelancarin', 'haid', 'bohong', 'mba', 'suka', 'bohong', 'mba', 'dosa']",negatif
"['dah', 'x', 'pemesanantp', 'g', 'reaksi']",negatif
"['asli', 'obat', 'mujarab', 'bngt', 'minum', 'pil', 'jam', 'sore', 'td', 'pas', 'skrg', 'lngsng', 'mens', 'thxx', 'yaa']",positif
"['reaksi', 'habis', 'box']",negatif
"['dah', 'minum', 'bungkusko', 'blom', 'mens', 'dah', 'beli', 'bungkusgimana']",negatif
"['jamu', 'mujarab']",positif
"['matep', 'minum', 'langsung', 'haid']",positif
"['brang', 'udh', 'nyampek', 'mksih', 'lasada']",positif
"['alhamdulilah', 'minum', 'langsung', 'haid', 'obat', 'kemas', 'bagus', 'rapi', 'kurir', 'ramah', 'terima', 'kasih', 'lazada']",positif
"['konsumsi', 'kalitapi', 'blom', 'mens']",negatif
"['uda', 'ku', 'minum', 'kali', 'bkm']",negatif
"['sempet', 'kasih', 'ulas', 'bintang', 'dah', 'poko', 'baguss', 'sempet', 'mempan', 'sampe', 'obat', 'habis', 'haid', 'eh', 'obat', 'habis', 'alhamdulillah', 'haid', 'udah', 'telat', 'minggu']",positif
"['kecewa', 'blm', 'hasil', 'blm', 'reaksi']",negatif
"['pesan', 'dah', 'sampaitapi', 'knp', 'udah', 'minum', 'mens']",negatif
"['blm', 'bln', 'dah', 'habis']",negatif
"['obat', 'manjur', 'udh', 'abis', 'smua', 'minum', 'haid']",positif
"['gk', 'efek', 'habis', 'bungkis']",negatif
"['jamu', 'udah', 'habis', 'reaksi']",negatif
"['udh', 'minum', 'sesuai', 'aturantpi', 'hasil']",negatif
"['hasil', 'pdhl', 'uda', 'minum']",negatif
"['obat', 'ampuh', 'bgt', 'top', 'banget']",positif
"['paket', 'udah', 'kak', 'tpi', 'ko', 'gk', 'reaksi', 'yaa']",negatif
"['bagus', 'lambat', 'haidterbukti', 'khasiat']",positif
"['trima', 'kasih', 'udh', 'dtng', 'paket', 'moga', 'bener', 'mujarab']",positif
"['udh', 'abis', 'tp', 'blm', 'reaksi']",negatif
"['blom', 'respon']",negatif
"['barang', 'dah', 'hbs', 'tp', 'lom', 'haid', 'ng']",negatif
"['kasih', 'ulas', 'udh', 'pake', 'kirain', 'manjur', 'pagi', 'haid', 'karna', 'udh', 'minggu', 'haid', 'tengkyuuu']",positif
"['ngaruh', 'sekali', 'udh', 'habis', 'kluar', 'haid']",negatif
"['kak', 'obta', 'padahla', 'dah', 'minum']",negatif
"['obat', 'manjur', 'minum', 'x', 'langsung', 'makasih', 'seller']",positif
"['da', 'reaksi', 'jancok']",negatif
"['jamumyanudah', 'datngtpi', 'sampe', 'blum', 'haid', 'jgahee']",negatif
"['udah', 'habis', 'paket', 'dapet', 'haid']",negatif
"['cuman', 'sakit', 'perut', 'mujarab']",negatif
"['ko', 'dah', 'abis', 'bungkus', 'blom', 'kluar', 'haid', 'yach']",negatif
"['nggak', 'ngaruh']",negatif
"['alhamdulilah', 'akhirny', 'dtg', 'bln', 'jg', 'mksh', 'jg', 'selerny', 'ats', 'atur', 'dtg', 'bln', 'minggu', 'suruh', 'mnum', 'aq', 'ikutin', 'aturany', 'sukses', 'trs']",positif
"['minum', 'habis', 'blm', 'manjur']",negatif
"['obat', 'dah', 'abis', 'haid', 'emng', 'cocok', 'dia', 'emng', 'obat', 'fungsi']",negatif
"['bukti', 'rekayasa', 'terima', 'kasih', 'gan', 'kwalitas', 'produk', 'x', 'order', 'kirim', 'cepat', 'privasi', 'jaga']",positif
"['tgl', 'mar', 'malam', 'minum', 'rutin', 'kapsul', 'pagi', 'kasul', 'malam', 'tanggal', 'mar', 'malam', 'mens', 'recommended', 'product']",positif
"['udah', 'minum', 'yng', 'bungkus', 'hasil']",negatif
"['barang', 'hr', 'kamis', 'sore', 'jam', 'lgsung', 'ak', 'minum', 'kapsuldan', 'alhamdulillah', 'jumat', 'jm', 'siang', 'dpt', 'mens', 'deh', 'manjur', 'bangt', 'jamu', 'recomended', 'banget']",positif
"['minum', 'kapsul', 'langsung', 'mens', 'bnr', 'mujarab', 'ampuh', 'kak', 'nemu', 'obat', 'ampuh', 'pake', 'obat', 'pelancar', 'hed', 'ampuh', 'mh', 'doang', 'udh', 'ampuh', 'good', 'mksh', 'lazada', 'seller']",positif
"['maaf', 'kasih', 'ulas', 'pas', 'dtg', 'lsg', 'minum', 'sesuai', 'atur', 'k', 'lsg', 'siang', 'terusin', 'minum', 'obat', 'badan', 'enak', 'dkit', 'pinggang', 'hilang', 'mantap', 'pkonya']",positif
"['mujabrab', 'banget', 'jamu', 'sip', 'pokok']",positif
"['obat', 'udah', 'sisa', 'blm', 'dapet']",negatif
"['bener', 'manjur', 'minum', 'langsung', 'dapet']",positif
"['jamu', 'mantul', 'malam', 'minum', 'pagi', 'minum', 'kali', 'minum', 'siang', 'langsung', 'haid', 'udah', 'telat', 'minggu']",positif
"['barang', 'dtg', 'minum', 'tpi', 'blm', 'hasil']",negatif
"['jamu', 'sang', 'manjur', 'minum', 'kali', 'langsung', 'bua', 'top', 'banget', 'jamu']",positif
"['mantappp', 'udh', 'talat', 'minggu', 'mnum', 'dngn', 'tratur', 'bgitu', 'abis', 'langsung', 'keluarpokokke', 'mantul', 'dweh']",positif
"['mantuultelat', 'haid', 'minum', 'obtnys', 'rutin', 'sampe', 'abis']",positif
"['mujarap', 'jamu', 'minum', 'malam', 'siang', 'langsung', 'dapet', 'maksih', 'sis']",positif
"['kecewa', 'udh', 'abiss', 'nggk', 'haid', 'jga', 'sya', 'mh', 'udh', 'ngarep', 'ajh', 'minum', 'lngsung', 'haid', 'ehh', 'nyatanyhh', 'blum', 'haid', 'jga', 'udh', 'abis', 'lgi', 'kcewa', 'bnerr']",negatif
"['udh', 'minum', 'abs', 'tp', 'g', 'ad', 'hslnya', 'ttp', 'bgni', 'blm', 'dpt', 'jg']",negatif
"['manjur', 'bln', 'gk', 'atur', 'hbis', 'bungkus', 'lgsung', 'haid']",positif
"['bagus', 'abis', 'kotak', 'udh', 'dpt', 'haid', 'udah', 'telat']",positif
"['habis', 'gakada', 'reaksi']",negatif
"['udah', 'haid', 'x', 'minum', 'langsung', 'haid']",positif
"['muas', 'jamu']",positif
"['haid', 'lancar', 'sma', 'sakit', 'prduk', 'cocok']",positif
"['terima', 'kasi', 'jamu', 'manjur']",positif
"['maaf', 'bru', 'ngsih', 'ulas', 'soalbya', 'liat', 'hasiatnya', 'tp', 'mantap', 'telat', 'bln', 'cmn', 'habis', 'dus', 'lngs', 'dapet', 'menstruasi', 'alhmdulilahh', 'yes', 'sisa', 'dus', 'lgi']",positif
"['alhamdulillah', 'cocok', 'minum']",positif
"['jamu', 'mujarab', 'bangetbaru', 'kali', 'minum', 'obat', 'langsung', 'dateng', 'udah', 'beli', 'ngga', 'lancar']",positif
"['kemarin', 'siang', 'sampe', 'barang', 'eh', 'malam', 'dipake', 'pas', 'tidur', 'pagi', 'lgsg', 'menstruasi', 'maksih', 'yaaaa', 'obat', 'mujarab']",positif
"['bener', 'ampuh', 'banget', 'langsung', 'dapet', 'haid', 'dapet', 'haid']",positif
"['udh', 'abis', 'tpi', 'blom', 'dpet', 'haid']",negatif
"['gada', 'kembang', 'obat', 'habis', 'tp', 'jg', 'bulan']",negatif
"['udh', 'minum', 'ok', 'gah', 'rekyasi', 'obat', 'udh', 'abis']",negatif
"['udh', 'hbis', 'tgal', 'x', 'minum', 'gk', 'reaksi', 'sma', 'sekli']",negatif
"['ampuhbaru', 'minum', 'x', 'langsung', 'haidmantap']",positif
"['reaksi', 'nyagak', 'haid', 'sampe', 'habis', 'obat', 'haid']",negatif
"['baguss', 'kecewa', 'pokok', 'jamin', 'cocok']",positif
"['manjur', 'bangetmakasih']",positif
"['jamu', 'mantab', 'minum', 'pil', 'udh', 'langsung', 'ngefek', 'gitu', 'telat', 'dapet', 'udah', 'minggu', 'badan', 'rsany', 'enak', 'lega']",positif
"['jamu', 'oke', 'banget', 'cocok']",positif
"['manjur', 'jamu', 'sip']",positif
"['mantap', 'jamu', 'maduranya', 'minum', 'langsung', 'haid', 'thanks']",positif
"['puas', 'minum', 'kapsul', 'langsung', 'haid']",positif
"['minum', 'ruting', 'langsung', 'hasil', 'obat', 'bagus']",positif
"['mantap', 'kli', 'minum', 'udh', 'haidmakasih']",positif
"['langsung', 'kluar', 'ka', 'oke', 'banget', 'obat']",positif
"['obat', 'udah', 'abis', 'tpi', 'gk', 'reaksi']",negatif
"['jamu', 'bagus', 'banget', 'lancar', 'haid']",positif
"['alhamdulillah', 'siang', 'paket', 'lngsung', 'minum', 'alhamdulillah', 'sore', 'haid']",positif
"['khasiat', 'dah', 'abis', 'bungkus', 'konsumsi', 'hari']",negatif
"['minum', 'obat', 'darah', 'pas', 'mimum', 'obat', 'langsung', 'darah', 'banget', 'mantaaap', 'puas']",positif
"['jamu', 'udah', 'habis', 'tp', 'reaksi']",negatif
"['manjur', 'mantap', 'jamu', 'top']",positif
"['jamu', 'oke', 'banget', 'haid', 'lancar', 'banget']",positif
"['paket', 'terimakasih', 'jamu', 'gokil', 'banget', 'telat', 'langsung', 'lancar']",positif
"['kapsul', 'tpi', 'bom', 'mens']",negatif
"['ngelancarin', 'haid', 'bohong', 'mba', 'jngn', 'suka', 'bhng', 'mba', 'dosa']",negatif
"['cepet', 'haid', 'ok', 'jamu']",positif
"['barang', 'udah', 'sampe', 'bner', 'privasiin', 'jamu', 'bener', 'top', 'banget']",positif
"['maaf', 'kasih', 'ulas', 'neng', 'packing', 'rapi', 'privasi', 'jamu', 'cocok', 'suka', 'bangetkurirnya', 'sopanthx']",positif
"['ubah', 'mules']",negatif
"['dah', 'x', 'pemesanantp', 'g', 'reaksi']",negatif
"['asli', 'obat', 'mujarab', 'bngt', 'minum', 'pil', 'jam', 'sore', 'td', 'pas', 'skrg', 'lngsng', 'mens', 'thxx', 'yaa']",positif
"['jamu', 'mujarab']",positif
"['matep', 'minum', 'langsung', 'haid']",positif
"['uda', 'ku', 'minum', 'kali']",negatif
"['obat', 'habis', 'alhamdulillah', 'haid', 'udah', 'telat', 'minggu']",positif
"['kecewa', 'blm', 'hasil', 'blm', 'reaksi']",negatif
"['obat', 'manjur', 'udh', 'abis', 'smua', 'kinum', 'haid']",positif
"['jamu', 'udah', 'habis', 'reaksi']",negatif
"['udah', 'minum', 'sesuai', 'aturantpi', 'hasil']",negatif
"['ngaruh', 'sekali', 'udh', 'habis', 'kluar', 'hed']",negatif
"['mantap', 'ni', 'jamu', 'langsung', 'telat', 'aman', 'deh', 'gua', 'wk']",positif
"['ngefek', 'jamu', 'jamu']",negatif
"['obat', 'manjur', 'minum', 'x', 'langsung', 'makasih', 'seller']",positif
"['da', 'reaksi', 'sm', 'parah', 'banget']",negatif
"['cuman', 'sakit', 'perut', 'mujarap']",negatif
"['kak', 'minum', 'x', 'haidterus', 'mual']",negatif
"['makasih', 'lazada', 'xminum', 'malampagi', 'malam']",positif
"['top', 'cer', 'kapsul', 'kali', 'pakai', 'langsung']",positif
"['habis', 'pack', 'blm', 'haid']",negatif
"['bagus', 'jamu', 'minum', 'x', 'hari', 'kapsul', 'bsokannya', 'haid', 'udah', 'haid', 'thx', 'jamu', 'the', 'best', 'udah', 'dapet', 'haid', 'lega']",positif
"['nggak', 'hasil']",negatif
"['tetep', 'gada', 'hasil', 'minum', 'jamu']",negatif
"['bukti', 'pas', 'habis', 'paket']",positif
"['benermanjur', 'minum', 'x', 'lngsng']",positif
"['manjur', 'banget', 'habis', 'bungkus', 'langsung', 'dpet']",positif
"['reaksi', 'apasampai', 'obat', 'habis', 'jga']",negatif
"['udh', 'minum', 'smpe', 'habis', 'tetep', 'hasil']",negatif
"['produk', 'bagus', 'x', 'minum', 'langsung', 'lancar', 'kak', 'haid']",positif
"['jamu', 'udh', 'datg', 'kurir', 'udh', 'langgan', 'mksh', 'lazada', 'jamu', 'manjur']",positif
"['manjur', 'bgt', 'telat', 'bulan', 'testpack', 'negative', 'pas', 'minum', 'bru', 'hr', 'lngsung', 'kluar', 'haid', 'mksh']",positif
"['udh', 'minum', 'obat', 'udah', 'abis', 'lgi']",negatif
"['udah', 'minum', 'x', 'dapet']",negatif
"['makas', 'jamu', 'mujarab', 'udh', 'sampe', 'bangkuril', 'ramahtapi', 'taya', 'minum', 'minum', 'kapsul', 'kapsul', 'mkch']",positif
"['mbakok', 'mnum', 'obat', 'pngen', 'mual']",negatif
"['habis', 'obat', 'tpi', 'mens']",negatif
"['gimana', 'obat', 'udah', 'habis', 'ko', 'men']",negatif
"['udah', 'kali', 'minum', 'ko', 'reaksi']",negatif
"['sumpahhhh', 'gk', 'boong', 'jamu', 'emg', 'mujarab', 'bgt', 'telat', 'haid', 'abis', 'kemas', 'langsung', 'kluar', 'bnyak', 'bgt']",positif
"['blm', 'hasil', 'tinggal', 'kapsul']",negatif
"['bagus', 'reaksi', 'dah', 'minum', 'habis']",negatif
"['udh', 'abis', 'bln', 'haid', 'mules']",negatif
"['barang', 'udah', 'nyampe', 'alhamdulillah', 'minum', 'jamu', 'kluar', 'jg', 'mens', 'nyatrimakasih', 'bwt', 'seller', 'nyasangat', 'bantu']",positif
"['gk', 'aksi', 'jamu', 'dah', 'habis', 'tespack', 'negatif', 'dengan']",negatif
"['alhamdulillah', 'dah', 'mantap', 'banget', 'jamu']",positif
"['minum', 'nie', 'blm', 'ubah', 'kapsul', 'tnggal', 'x', 'mnm', 'lg']",negatif
"['udah', 'habis', 'dus', 'tpi', 'ko', 'gk', 'haid']",negatif
"['alhamdulillah', 'manjur', 'x', 'minum', 'langsung', 'haid']",positif
"['jamu', 'ngaruh']",negatif
"['jamu', 'oke', 'mantap', 'oke', 'pokok']",positif
"['gk', 'efek', 'telat', 'mnggu']",negatif
"['obat', 'udah', 'abis']",negatif
['kasiat'],negatif
"['minum', 'minggu', 'langsung', 'good']",positif
"['udah', 'minum', 'habis', 'hasil']",negatif
"['manjur', 'banget', 'nyesel', 'deh']",positif
"['minum', 'ngefek', 'sedih']",negatif
"['jamu', 'manjur', 'hbs', 'bungkus', 'mens']",positif
"['jamu', 'khasiat', 'next', 'order', 'rim', 'kasih']",positif
"['x', 'minum', 'malem', 'pagi', 'bemmafaat']",positif
"['reaksi', 'jamu', 'habis', 'bungkus']",negatif
"['kemarin', 'ak', 'minum', 'trus', 'pagi', 'eh', 'sore', 'haid', 'gabisa', 'mens', 'th', 'kb', 'suntik', 'bln', 'suntik', 'terahir', 'bln', 'desember', 'kmrn', 'skrg', 'bru', 'haid', 'aduh', 'senangnyaaa', 'dehh', 'produk', 'kurir', 'jg', 'ganteng']",positif
"['hasil', 'jamu', 'udah', 'habis']",negatif
"['mnum', 'udah', 'kaluar', 'haidnyamakasih', 'banget', 'lazada']",positif
"['kasih', 'ulas', 'karna', 'minum', 'obat', 'dlu', 'ampe', 'abisternyata', 'ngaruh', 'reaksi']",negatif
"['khasiat', 'mantul', 'banget']",positif
"['udah', 'minum', 'kapsul', 'tp', 'haid', 'kemarin', 'haid', 'sampe', 'x', 'bln', 'udh', 'minggu']",negatif
"['reaksi', 'sedih', 'banget']",negatif
"['obat', 'udah', 'habis', 'blm', 'haid']",negatif
"['minum', 'x', 'tanda', 'tanda', 'hed', 'telat']",negatif
"['jamu', 'mujarab', 'dah', 'sampehamdulilah', 'say', 'skrang', 'dateng', 'buln', 'haid', 'makas']",positif
"['maaf', 'kasih', 'ulas', 'bener', 'ampuh', 'sabtu', 'sore', 'minum', 'malam', 'langsung', 'terima', 'kasih']",positif
"['alhmdulillah', 'paket', 'udah', 'dtang', 'sya', 'bli', 'x', 'alhmdulillah', 'ccok']",positif
"['reaksi', 'udh', 'minum', 'sampe', 'habis']",negatif
"['obat', 'mantul', 'minum', 'langsung', 'haid', 'good', 'pokok']",positif
"['reaksi', 'obat', 'bukti', 'kaka', 'stelah', 'minum', 'obat', 'langsung', 'heid']",positif
"['top', 'markotop', 'manjur', 'jamuminum', 'kapsullangsung', 'besok', 'mmaksh', 'jaga', 'privasi']",positif
"['makasih', 'kazada', 'emmg', 'jamu', 'nie', 'emmg', 'top', 'mksh', 'kullier']",positif
"['sayah', 'sen', 'udh', 'x', 'blm', 'kluar', 'jgagk', 'epek', 'mnum', 'obat', 'buang', 'air', 'trus']",negatif
"['mantulalhamdulilah', 'minum', 'xlangsung', 'haidmakasih', 'lazada']",positif
"['mnm', 'x', 'manjur', 'banget']",positif
"['minum', 'butir', 'besok', 'lamgsung', 'haid', 'gila', 'keren', 'bgt']",positif
"['udah', 'abis', 'manjur', 'obatnyaa']",negatif
"['alhamdulillah', 'ngecewain', 'maaf', 'bru', 'ksih', 'ulas', 'tpi', 'mantap', 'banget', 'mujarab', 'smoga', 'laku', 'trus']",positif
"['hmpir', 'pack', 'tnda', 'haid']",negatif
"['obat', 'habis', 'haid']",negatif
"['kecewa', 'udah', 'habis', 'obat', 'dateng']",negatif
"['pket', 'dah', 'dteng', 'dah', 'habis', 'cm', 'blm', 'reaksi', 'kecewa']",negatif
"['obat', 'udah', 'abiss', 'ko', 'mens', 'yaa', 'kecewa']",negatif
"['hasil', 'jamu', 'minum', 'sesuai', 'atur', 'ngefek']",negatif
"['udah', 'kali', 'minum']",negatif
"['obat', 'reaksi']",negatif
"['kecewa', 'minum', 'habis', 'tp', 'pengaruh', 'tetep', 'dpt', 'haid']",negatif
"['udh', 'habis', 'hasil', 'menstruasi']",negatif
"['alhamdulilah', 'make', 'langsung', 'haidmanjurr', 'bgt']",positif
"['minum', 'x', 'dlm', 'hari', 'blm', 'ubah']",negatif
"['coba', 'udah', 'manjur', 'pokok', 'mantap', 'banget', 'rekomendasi', 'banget', 'jamu']",positif
"['kemaren', 'minum', 'jamu', 'udah', 'haid', 'makas']",positif
"['bener', 'bener', 'mujarab', 'jamu']",positif
"['terimakasih', 'yaallah', 'berkat', 'minum', 'jamu', 'langsung', 'haid', 'pdhl', 'udah', 'bbrpa', 'haid', 'terimakasih']",positif
"['baguss', 'ampuh', 'obat', 'makasih']",positif
"['manjur', 'mantap', 'jamu', 'luntur', 'oke', 'bangeta']",positif
"['jamu', 'manjur', 'banget']",positif
"['minum', 'kali']",negatif
"['tanda', 'luntur']",negatif
"['udah', 'bungkus', 'gk', 'ngaruh']",negatif
"['kasih', 'ulasanmujarab', 'bgt', 'suka']",positif
"['alhamdulillah', 'obat', 'cocok', 'minum', 'x', 'malam', 'pagi', 'langsung', 'haid']",positif
"['sedih', 'obat', 'abis', 'tp', 'blm', 'ad', 'reaksi']",negatif
"['sufah', 'minum', 'hasil']",negatif
"['bagusbaru', 'minum', 'surah', 'haidnyatrimaksih', 'lazada']",positif
"['maaf', 'ngasih', 'ulasannkarna', 'liat', 'hasil', 'hasill', 'muas', 'bru', 'minum', 'biji', 'langsung', 'had', 'y', 'poko', 'y', 'mantappp']",positif
"['reaksi', 'jamu']",negatif
"['serius', 'jamu', 'manjur', 'banget', 'cocok', 'banget', 'telat']",positif
"['jamu', 'habis', 'ko', 'blm', 'mens', 'kecewa', 'bange']",negatif
"['mantab', 'banged', 'lgsung', 'topcer', 'padhl', 'telad', 'stlah', 'mnum', 'hasil']",positif
"['udh', 'abis', 'obat', 'ttp', 'g', 'dapet']",negatif
"['obat', 'habis', 'tpi', 'blom', 'jga', 'haidpadahal', 'minum', 'atur']",negatif
"['udh', 'hbis', 'pack', 'tpi', 'ttep', 'ajah', 'haid']",negatif
"['minum', 'dus', 'habis', 'reaksi']",negatif
"['udh', 'paket', 'blm', 'dpt', 'mens', 'coba', 'pesan', 'udh', 'masuk', 'bln', 'gk', 'dpt', 'mens']",negatif
"['mujarab', 'gaessiiip', 'daaahh']",positif
"['maaf', 'kasi', 'ulas', 'sesuai', 'ucap', 'obat', 'habis', 'dapet', 'kecawaa']",negatif
"['habis', 'bungkus', 'blm', 'haid', 'sedih']",negatif
"['alhamdulillah', 'minum', 'langsung']",positif
"['paket', 'terima', 'efek', 'manjur', 'mnum', 'x', 'langsung', 'kluar', 'rekomen', 'bngt', 'kirim']",positif
"['mual', 'jamuya', 'sakit', 'perut']",negatif
"['minum', 'habis', 'sisa', 'butir', 'tp', 'smp', 'skrg', 'blm', 'tanda', 'haid', 'sedih', 'banget']",negatif
"['udah', 'minum', 'x', 'kapsul', 'kunjung', 'haid', 'sampe']",negatif
"['efek', 'sekal', 'coba', 'x', 'moga', 'kali', 'bener', 'mujarab']",negatif
"['ad', 'reaksisudah', 'minum', 'beberap', 'kali']",negatif
"['mantul', 'banget', 'jamu', 'oke', 'banget']",positif
"['pesan', 'dri', 'tgl', 'feb', 'nyampe', 'maret', 'bangeett', 'udh', 'x', 'minum', 'blm', 'reaksi', 'ni']",negatif
"['minum', 'langsung', 'haid']",positif
"['obat', 'udah', 'abis', 'respek', 'apa']",negatif
"['mantapmalam', 'minum', 'pagi', 'langsung', 'keluartop', 'bgt', 'deh']",positif
"['jamu', 'udah', 'tggl', 'x', 'minum', 'tpi', 'blom', 'dapatt', 'gmn', 'inikecewa']",negatif
"['habis', 'jamu', 'menstruasi']",negatif
"['manjur', 'mantap', 'jamu', 'bener', 'bener', 'oke', 'banget']",positif
"['minum', 'x', 'langsung', 'halanganmanjurr', 'bnget']",positif
"['minum', 'kali', 'langsung', 'mens']",positif
"['udah', 'hbs', 'kapsul', 'tapi', 'efek', 'blm', 'jgaa']",negatif
"['bener', 'minum', 'x', 'langsung', 'dpt', 'haid']",positif
"['sampe', 'packing', 'rapihbaru', 'x', 'minum', 'belu', 'hasilsemoga', 'haid', 'lancar']",negatif
"['minum', 'kapsul', 'hasil']",negatif
"['cocok', 'telat', 'bulang', 'langsung', 'haid']",positif
"['terimakasih', 'reaponsnya', 'cepat', 'jamu', 'manjur', 'banget']",positif
"['terima', 'kasih', 'tokped', 'jamu', 'manjur']",positif
"['langgan', 'belanja', 'pokok', 'oke', 'jamu']",positif
"['alhamdulillah', 'cocok', 'siklus', 'haid', 'atur', 'suka', 'telat', 'tanggal', 'haid', 'mundur', 'dapet', 'bonus']",positif
"['respon', 'cepet', 'recomended', 'seller', 'jamu', 'mujarab']",positif
"['jamu', 'mantap', 'abis', 'langsung', 'bocor']",positif
"['manjur', 'langsung', 'haid']",positif
"['serius', 'jamu', 'bener', 'bener', 'manjur', 'banget']",positif
"['minum', 'kali', 'besok', 'langsung', 'top', 'cer']",positif
